Start Station ID,FYTotalRides, AvgDuration , SumDuration ,WtgAvgDuration,Start Station ID,Start Station Name,Start Station Lat,Start Station Lng,Data Month
3042,6400," 23,354 "," 99,522,197 ",15550.34328,3042,Fulton St & Utica Ave,40.6794268,-73.9298911,Full2018
3596,1442," 19,876 "," 31,319,002 ",21719.14147,3596,Sullivan Pl & Bedford Ave,40.6642406,-73.9574686,Full2018
3590,1837," 13,481 "," 32,232,872 ",17546.4736,3590,Carroll St & Franklin Ave,40.6679411,-73.9588,Full2018
3041,5808," 13,313 "," 65,368,336 ",11254.87879,3041,Kingston Ave & Herkimer St,40.67890679,-73.94142771,Full2018
3044,2325," 11,084 "," 29,272,809 ",12590.45548,3044,Albany Ave & Fulton St,40.6800105,-73.938475,Full2018
3245,5," 9,969 "," 65,187 ",13037.4,3245,NYCBS DEPOT - DELANCEY,40.71644423,-73.98233056,Full2018
3629,5820," 7,662 "," 36,031,752 ",6191.02268,3629,Adam Clayton Powell Blvd & W 126 St,40.80949535,-73.94776493,Full2018
3509,7932," 7,213 "," 68,748,385 ",8667.219491,3509,Lenox Ave & W 115 St,40.8011939,-73.9500739,Full2018
3649,3985," 7,019 "," 21,098,197 ",5294.403262,3649,W 129 St & Convent Ave,40.81439444,-73.95324737,Full2018
3040,10," 6,834 "," 142,189 ",14218.9,3040,Handlebar @ Gowanus,40.66979964,-73.99497986,Full2018
3043,3452," 6,079 "," 16,864,743 ",4885.499131,3043,Lewis Ave & Decatur St,40.6814598,-73.934903,Full2018
3062,6235," 5,711 "," 38,122,482 ",6114.271371,3062,Myrtle Ave & Marcy Ave,40.69539817,-73.94954908,Full2018
3063,4089," 5,445 "," 15,664,216 ",3830.818293,3063,Nostrand Ave & Myrtle Ave,40.69527008,-73.95238108,Full2018
3650,78," 5,422 "," 788,167 ",10104.70513,3650,8D Mobile 01,45.50626419,-73.56890559,Full2018
3512,1056," 5,354 "," 8,565,263 ",8111.044508,3512,27 Ave & 4 St,40.7747175,-73.9337894,Full2018
3240,73," 5,149 "," 165,821 ",2271.520548,3240,NYCBS Depot BAL - DYR,40.75903008,-73.9938587,Full2018
436,7198," 4,651 "," 40,931,363 ",5686.491109,436,Hancock St & Bedford Ave,40.68216564,-73.95399026,Full2018
3529,11342," 4,622 "," 66,081,205 ",5826.239199,3529,Lenox Ave & W 130 St,40.8107922,-73.9430681,Full2018
3082,15288," 4,544 "," 34,528,802 ",2258.555861,3082,Hope St & Union Ave,40.71167351,-73.95141312,Full2018
3537,9449," 4,027 "," 25,245,616 ",2671.776484,3537,Carlton Ave & Dean St,40.6809741,-73.9710097,Full2018
3485,32," 3,836 "," 81,288 ",2540.25,3485,NYCBS Depot - RIS,40.725208,-73.974724,Full2018
3601,2353," 3,589 "," 10,309,066 ",4381.243519,3601,Sterling St & Bedford Ave,40.6627059,-73.9569115,Full2018
3604,4291," 3,574 "," 18,852,216 ",4393.431834,3604,Rogers Ave & Sterling St,40.6630619,-73.9538746,Full2018
3064,14426," 3,419 "," 32,964,642 ",2285.085401,3064,Myrtle Ave & Lewis Ave,40.69681963,-73.93756926,Full2018
3349,22251," 3,357 "," 51,352,701 ",2307.882837,3349,Grand Army Plaza & Plaza St West,40.6729679,-73.97087984,Full2018
3249,7124," 3,313 "," 27,946,795 ",3922.907777,3249,Verona Pl & Fulton St,40.68035608,-73.9476791,Full2018
3047,6917," 3,139 "," 26,659,185 ",3854.154258,3047,Halsey St & Tompkins Ave,40.6823687,-73.944118,Full2018
3058,5992," 3,113 "," 23,419,846 ",3908.519025,3058,Lewis Ave & Kosciuszko St,40.69237074,-73.93705428,Full2018
3061,3102," 3,031 "," 12,203,932 ",3934.214055,3061,Throop Ave & Myrtle Ave,40.69622937,-73.94371094,Full2018
3531,5297," 3,014 "," 18,542,207 ",3500.511044,3531,Frederick Douglass Blvd & W 129 St,40.8125511,-73.9492286,Full2018
3072,5020," 2,843 "," 16,296,272 ",3246.269323,3072,Leonard St & Boerum St,40.70583339,-73.94644578,Full2018
3052,7118," 2,842 "," 24,941,821 ",3504.049031,3052,Lewis Ave & Madison St,40.686312,-73.935775,Full2018
3075,3587," 2,837 "," 13,165,548 ",3670.350711,3075,Division Ave & Marcy Ave,40.70708701,-73.95796783,Full2018
3080,10749," 2,801 "," 32,507,437 ",3024.228952,3080,S 4 St & Rodney St,40.70934,-73.95608,Full2018
3511,5349," 2,799 "," 15,474,575 ",2892.98467,3511,Adam Clayton Powell Blvd & W 115 St,40.802535,-73.9532423,Full2018
3179,3769," 2,782 "," 10,636,508 ",2822.103476,3179,Park Ave & Marcus Garvey Blvd,40.698617,-73.941342,Full2018
3685,72," 2,775 "," 199,824 ",2775.333333,3685,Prospect Park - 5 Year Anniversary Celebration,40.66065237,-73.96459043,Full2018
3077,13131," 2,620 "," 38,248,744 ",2912.858427,3077,Stagg St & Union Ave,40.70877084,-73.95095259,Full2018
3068,7573," 2,567 "," 22,536,764 ",2975.936089,3068,Humboldt St & Varet St,40.7031724,-73.940636,Full2018
3333,852," 2,516 "," 2,000,378 ",2347.861502,3333,Columbia St & Lorraine St,40.6747055,-74.0075572,Full2018
119,3241," 2,471 "," 7,889,938 ",2434.414687,119,Park Ave & St Edwards St,40.69608941,-73.97803415,Full2018
3180,10685," 2,435 "," 26,222,594 ",2454.150117,3180,Brooklyn Bridge Park - Pier 2,40.69878,-73.99712,Full2018
3541,6144," 2,422 "," 12,941,673 ",2106.39209,3541,Amsterdam Ave & W 125 St,40.813358,-73.956461,Full2018
3046,4994," 2,385 "," 13,452,839 ",2693.80036,3046,Marcus Garvey Blvd & Macon St,40.682601,-73.938037,Full2018
3631,2000," 2,305 "," 5,830,727 ",2915.3635,3631,Crown St & Bedford Ave,40.666563,-73.956741,Full2018
443,5711," 2,301 "," 16,449,416 ",2880.303975,443,Bedford Ave & S 9 St,40.70853074,-73.96408963,Full2018
3599,10942," 2,298 "," 29,711,280 ",2715.342716,3599,Franklin Ave & Empire Blvd,40.66314,-73.9605695,Full2018
3527,3874," 2,266 "," 11,183,250 ",2886.744966,3527,5 Ave & E 126 St,40.80698,-73.941747,Full2018
3254,7909," 2,263 "," 19,120,969 ",2417.62157,3254,Soissons Landing,40.69231661,-74.01486576,Full2018
3054,5575," 2,234 "," 10,447,939 ",1874.069776,3054,Greene Ave & Throop Ave,40.6894932,-73.942061,Full2018
3628,8149," 2,229 "," 19,823,514 ",2432.631489,3628,Lenox Ave & W 117 St,40.8025566,-73.9490782,Full2018
3383,18561," 2,201 "," 33,147,106 ",1785.846991,3383,Cathedral Pkwy & Broadway,40.804213,-73.96699104,Full2018
3716,107," 2,182 "," 266,821 ",2493.654206,3716,40 Ave & Crescent St,40.7535992,-73.93795609,Full2018
3506,3207," 2,169 "," 7,449,798 ",2322.980355,3506,Lexington Ave & E 120 St,40.8013066,-73.9398167,Full2018
3504,5105," 2,128 "," 9,681,748 ",1896.522625,3504,E 123 St & Lexington Ave,40.8029263,-73.9379,Full2018
3689,6065," 2,072 "," 8,817,402 ",1453.817312,3689,W 104 St & Amsterdam Ave,40.79904139,-73.9664948,Full2018
3518,12824," 2,021 "," 30,696,400 ",2393.668122,3518,Lenox Ave & W 126 St,40.808442,-73.9452087,Full2018
437,15473," 1,966 "," 31,568,080 ",2040.204227,437,Macon St & Nostrand Ave,40.68098339,-73.95004798,Full2018
409,9200," 1,963 "," 20,076,056 ",2182.18,409,DeKalb Ave & Skillman St,40.6906495,-73.95643107,Full2018
3499,3798," 1,945 "," 8,587,491 ",2261.056082,3499,2 Ave & E 122 St,40.8006721,-73.9349,Full2018
3521,24042," 1,941 "," 52,610,823 ",2188.288121,3521,Lenox Ave & W 111 St,40.7987859,-73.9523,Full2018
3622,4528," 1,932 "," 10,216,145 ",2256.215769,3622,E 128 St & Madison Ave,40.80756,-73.939182,Full2018
3182,7887," 1,922 "," 15,529,849 ",1969.04387,3182,Yankee Ferry Terminal,40.686931,-74.016966,Full2018
3423,26301," 1,911 "," 57,739,279 ",2195.326375,3423,West Drive & Prospect Park West,40.66106337,-73.97945255,Full2018
3048,4699," 1,904 "," 10,241,942 ",2179.60034,3048,Putnam Ave & Nostrand Ave,40.68402,-73.94977,Full2018
343,8704," 1,898 "," 19,735,767 ",2267.436466,343,Clinton Ave & Flushing Ave,40.69794,-73.96986848,Full2018
3374,32083," 1,888 "," 61,194,568 ",1907.382975,3374,Central Park North & Adam Clayton Powell Blvd,40.799484,-73.955613,Full2018
3479,6012," 1,879 "," 11,451,944 ",1904.847638,3479,Picnic Point,40.6851256,-74.02535319,Full2018
3440,28570," 1,872 "," 44,451,763 ",1555.889499,3440,Fulton St & Adams St,40.69241829,-73.98949474,Full2018
3478,7744," 1,871 "," 13,557,288 ",1750.682851,3478,2 Ave & 36 St - Citi Bike HQ at Industry City,40.65708867,-74.00870204,Full2018
3477,2523," 1,812 "," 4,992,698 ",1978.873563,3477,39 St & 2 Ave - Citi Bike HQ at Industry City,40.65539977,-74.01062787,Full2018
83,13134," 1,799 "," 26,685,005 ",2031.750038,83,Atlantic Ave & Fort Greene Pl,40.68382604,-73.97632328,Full2018
3644,1809," 1,794 "," 2,981,818 ",1648.323936,3644,Van Dyke St & Van Brunt St,40.67581623,-74.01488185,Full2018
281,78554," 1,763 "," 149,871,446 ",1907.877969,281,Grand Army Plaza & Central Park S,40.7643971,-73.97371465,Full2018
3136,21359," 1,742 "," 37,421,486 ",1752.024252,3136,5 Ave & E 63 St,40.766368,-73.971518,Full2018
501,43110," 1,725 "," 58,321,748 ",1352.858919,501,FDR Drive & E 35 St,40.744219,-73.97121214,Full2018
2006,79057," 1,699 "," 133,037,091 ",1682.799638,2006,Central Park S & 6 Ave,40.76590936,-73.97634151,Full2018
3250,1," 1,683 "," 1,683 ",1683,3250,NYCBS Depot - PIT,40.71690978,-73.98383796,Full2018
3060,5162," 1,676 "," 9,699,453 ",1879.010655,3060,Willoughby Ave & Tompkins Ave,40.69425403,-73.94626915,Full2018
3495,4121," 1,675 "," 8,143,830 ",1976.178112,3495,E 114 St & 1 Ave,40.7945663,-73.9362541,Full2018
3053,4373," 1,665 "," 8,598,257 ",1966.214727,3053,Marcy Ave & Lafayette Ave,40.6900815,-73.947915,Full2018
3571,8763," 1,656 "," 11,783,253 ",1344.659706,3571,Bedford Ave & Bergen St,40.676368,-73.952918,Full2018
3347,6293," 1,639 "," 9,240,617 ",1468.396154,3347,Van Brunt St & Wolcott St,40.6773429,-74.01275056,Full2018
3282,46382," 1,634 "," 78,949,603 ",1702.160385,3282,5 Ave & E 88 St,40.78307,-73.95939,Full2018
3505,2851," 1,592 "," 5,936,712 ",2082.326201,3505,Lexington Ave & E 127 St,40.805726,-73.936322,Full2018
3221,3955," 1,591 "," 7,159,909 ",1810.343616,3221,47 Ave & 31 St,40.743,-73.93561,Full2018
3469,7452," 1,584 "," 11,125,125 ",1492.904589,3469,India St & West St,40.73181402,-73.95995021,Full2018
3584,12952," 1,583 "," 22,436,390 ",1732.272236,3584,Eastern Pkwy & Franklin Ave,40.6707767,-73.9576801,Full2018
144,8688," 1,582 "," 13,742,744 ",1581.807551,144,Nassau St & Navy St,40.69839895,-73.98068914,Full2018
3547,12805," 1,581 "," 21,085,554 ",1646.665677,3547,Broadway & Moylan Pl,40.8143256,-73.9590255,Full2018
3067,7383," 1,564 "," 9,903,668 ",1341.415143,3067,Broadway & Whipple St,40.7016657,-73.9437303,Full2018
3348,5126," 1,555 "," 9,118,660 ",1778.903629,3348,Coffey St & Conover St,40.677236,-74.015665,Full2018
3121,5565," 1,553 "," 7,256,984 ",1304.040252,3121,Jackson Ave & 46 Rd,40.74524768,-73.94733276,Full2018
217,31170," 1,552 "," 51,423,630 ",1649.779596,217,Old Fulton St,40.70277159,-73.99383605,Full2018
3676,6875," 1,547 "," 11,159,365 ",1623.180364,3676,Van Brunt St & Van Dyke St,40.67583294,-74.01472628,Full2018
3533,9165," 1,527 "," 16,507,356 ",1801.129951,3533,St. Nicholas Ave & W 126 St,40.8114323,-73.9518776,Full2018
3578,6022," 1,521 "," 10,747,303 ",1784.673364,3578,Park Pl & Franklin Ave,40.6741806,-73.9564947,Full2018
3056,5561," 1,516 "," 8,580,410 ",1542.961698,3056,Kosciuszko St & Nostrand Ave,40.69072549,-73.95133465,Full2018
3078,16936," 1,512 "," 28,847,956 ",1703.351205,3078,Broadway & Roebling St,40.70924826,-73.96063149,Full2018
3585,2715," 1,508 "," 4,734,035 ",1743.6593,3585,Union St & Bedford Ave,40.6691783,-73.9554162,Full2018
3543,3543," 1,505 "," 4,892,268 ",1380.826418,3543,Morningside Dr & Amsterdam Ave,40.81028506,-73.95736456,Full2018
3050,6831," 1,503 "," 11,079,617 ",1621.961206,3050,Putnam Ave & Throop Ave,40.6851532,-73.94111,Full2018
354,14540," 1,489 "," 24,459,803 ",1682.242297,354,Emerson Pl & Myrtle Ave,40.69363137,-73.96223558,Full2018
3232,21537," 1,483 "," 27,976,618 ",1299.002554,3232,Bond St & Fulton St,40.68962189,-73.98304269,Full2018
3661,1975," 1,478 "," 3,236,254 ",1638.60962,3661,Montgomery St & Franklin Ave,40.66643931,-73.96055639,Full2018
3143,35052," 1,471 "," 52,968,174 ",1511.131291,3143,5 Ave & E 78 St,40.77632142,-73.96427393,Full2018
3320,20764," 1,466 "," 31,502,670 ",1517.177326,3320,Central Park West & W 100 St,40.79406661,-73.96286845,Full2018
3292,15914," 1,452 "," 25,499,592 ",1602.337062,3292,5 Ave & E 93 St,40.7857851,-73.957481,Full2018
3437,12062," 1,441 "," 18,306,709 ",1517.717543,3437,Riverside Dr & W 91 St,40.79313481,-73.97700369,Full2018
3160,33348," 1,437 "," 49,451,833 ",1482.902513,3160,Central Park West & W 76 St,40.77896784,-73.97374737,Full2018
353,11809," 1,432 "," 19,928,240 ",1687.546786,353,S Portland Ave & Hanson Pl,40.68539567,-73.97431458,Full2018
514,82334," 1,429 "," 119,951,411 ",1456.887932,514,12 Ave & W 40 St,40.76087502,-74.00277668,Full2018
3331,14011," 1,425 "," 20,455,293 ",1459.945257,3331,Riverside Dr & W 104 St,40.8013434,-73.97114574,Full2018
3345,10413," 1,418 "," 16,018,366 ",1538.304619,3345,Madison Ave & E 99 St,40.78948542,-73.95242929,Full2018
3498,3851," 1,405 "," 5,954,180 ",1546.138665,3498,Pleasant Ave & E 120 St,40.7974772,-73.9311847,Full2018
3130,6990," 1,399 "," 11,230,882 ",1606.70701,3130,21 St & Queens Plaza North,40.75325964,-73.94335788,Full2018
3055,6017," 1,382 "," 8,984,188 ",1493.13412,3055,Greene Ave & Nostrand Ave,40.6883337,-73.950916,Full2018
3178,15610," 1,374 "," 22,093,929 ",1415.370211,3178,Riverside Dr & W 78 St,40.78414472,-73.98362492,Full2018
362,23826," 1,368 "," 29,408,428 ",1234.299841,362,Broadway & W 37 St,40.75172632,-73.98753523,Full2018
428,1," 1,343 "," 1,343 ",1343,428,E 3 St & 1 Ave,40.72467721,-73.98783413,Full2018
3587,2902," 1,342 "," 4,524,549 ",1559.114059,3587,Carroll St & Washington Ave,40.6686744,-73.9618148,Full2018
3177,24921," 1,341 "," 37,580,910 ",1508.001685,3177,W 84 St & Broadway,40.7867947,-73.977112,Full2018
3324,6210," 1,338 "," 9,177,048 ",1477.785507,3324,3 Ave & 14 St,40.6685455,-73.99333264,Full2018
275,10750," 1,333 "," 16,852,580 ",1567.68186,275,Washington Ave & Greene Ave,40.68650065,-73.96563307,Full2018
387,70785," 1,330 "," 98,414,104 ",1390.324278,387,Centre St & Chambers St,40.71273266,-74.0046073,Full2018
3071,6219," 1,326 "," 8,735,258 ",1404.608136,3071,Boerum St & Broadway,40.70538077,-73.94976519,Full2018
216,7920," 1,320 "," 12,570,018 ",1587.123485,216,Columbia Heights & Cranberry St,40.70037867,-73.99548059,Full2018
3157,8386," 1,317 "," 10,163,032 ",1211.904603,3157,East End Ave & E 86 St,40.77518615,-73.94446054,Full2018
3610,6805," 1,310 "," 6,604,220 ",970.4952241,3610,Vernon Blvd & 30 Rd,40.770845,-73.934171,Full2018
315,47406," 1,308 "," 65,521,888 ",1382.143357,315,South St & Gouverneur Ln,40.70355377,-74.00670227,Full2018
532,37860," 1,304 "," 49,328,383 ",1302.915557,532,S 5 Pl & S 5 St,40.710451,-73.960876,Full2018
3166,25415," 1,301 "," 34,193,427 ",1345.403384,3166,Riverside Dr & W 72 St,40.78057799,-73.98562431,Full2018
427,24834," 1,300 "," 34,253,371 ",1379.293348,427,Bus Slip & State St,40.701907,-74.013942,Full2018
533,37788," 1,299 "," 43,064,084 ",1139.623267,533,Broadway & W 38 St,40.75299641,-73.98721619,Full2018
3137,44897," 1,278 "," 59,013,614 ",1314.422211,3137,5 Ave & E 73 St,40.77282817,-73.96685276,Full2018
414,18789," 1,276 "," 25,602,660 ",1362.640907,414,Pearl St & Anchorage Pl,40.70281858,-73.98765762,Full2018
3083,11623," 1,275 "," 15,832,320 ",1362.154349,3083,Bushwick Ave & Powers St,40.71247661,-73.94100005,Full2018
3120,5628," 1,273 "," 7,201,089 ",1279.511194,3120,Center Blvd & Borden Ave,40.74161,-73.96044,Full2018
3076,11373," 1,270 "," 16,318,572 ",1434.852018,3076,Scholes St & Manhattan Ave,40.70870368,-73.9448625,Full2018
3123,4188," 1,264 "," 5,314,749 ",1269.042264,3123,31 St & Thomson Ave,40.74469738,-73.93540375,Full2018
3074,8676," 1,262 "," 10,821,698 ",1247.3142,3074,Montrose Ave & Bushwick Ave,40.70767788,-73.94016171,Full2018
245,7507," 1,260 "," 9,978,404 ",1329.213268,245,Myrtle Ave & St Edwards St,40.69327018,-73.97703874,Full2018
3165,53861," 1,260 "," 68,063,596 ",1263.689794,3165,Central Park West & W 72 St,40.77579377,-73.97620574,Full2018
392,22329," 1,257 "," 28,377,477 ",1270.879887,392,Jay St & Tech Pl,40.695065,-73.987167,Full2018
3323,16371," 1,255 "," 20,863,813 ",1274.437298,3323,W 106 St & Central Park West,40.7981856,-73.9605909,Full2018
3367,20672," 1,253 "," 26,371,417 ",1275.707092,3367,5 Ave & E 103 St,40.7922553,-73.95249933,Full2018
397,7854," 1,252 "," 10,946,667 ",1393.769672,397,Fulton St & Clermont Ave,40.68415748,-73.96922273,Full2018
373,5377," 1,249 "," 7,243,232 ",1347.076809,373,Willoughby Ave & Walworth St,40.69331716,-73.95381995,Full2018
3065,4082," 1,244 "," 5,870,669 ",1438.184468,3065,Union Ave & Wallabout St,40.70029511,-73.95032283,Full2018
3637,14389," 1,242 "," 19,102,295 ",1327.562374,3637,Fulton St & Waverly Ave,40.68323865,-73.96599591,Full2018
259,30592," 1,242 "," 39,407,422 ",1288.161022,259,South St & Whitehall St,40.70122128,-74.01234218,Full2018
3362,18578," 1,234 "," 24,641,911 ",1326.402788,3362,Madison Ave & E 82 St,40.7781314,-73.96069399,Full2018
3520,5553," 1,234 "," 7,519,618 ",1354.154151,3520,Adam Clayton Powell Blvd & W 118 St,40.804372,-73.951475,Full2018
3169,18041," 1,233 "," 22,996,910 ",1274.702622,3169,Riverside Dr & W 82 St,40.78720869,-73.98128127,Full2018
3168,41040," 1,225 "," 51,194,333 ",1247.425268,3168,Central Park West & W 85 St,40.78472675,-73.96961715,Full2018
3295,36486," 1,216 "," 45,355,959 ",1243.105821,3295,Central Park W & W 96 St,40.79127,-73.964839,Full2018
3553,17103," 1,214 "," 22,675,973 ",1325.847688,3553,Frederick Douglass Blvd & W 112 St,40.801694,-73.957145,Full2018
3144,6270," 1,213 "," 7,989,294 ",1274.209569,3144,E 81 St & Park Ave,40.77677702,-73.9590097,Full2018
321,23981," 1,210 "," 30,261,792 ",1261.90701,321,Cadman Plaza E & Red Cross Pl,40.69991755,-73.98971773,Full2018
3500,4129," 1,210 "," 5,805,604 ",1406.055704,3500,E 115 St & Madison Ave,40.7989445,-73.944846,Full2018
3536,12659," 1,208 "," 16,120,575 ",1273.447745,3536,W 116 St & Broadway,40.8082,-73.9641,Full2018
319,42766," 1,202 "," 55,133,274 ",1289.184726,319,Fulton St & Broadway,40.711066,-74.009447,Full2018
3016,41123," 1,194 "," 52,749,600 ",1282.727427,3016,Kent Ave & N 7 St,40.72036775,-73.96165073,Full2018
3128,3000," 1,193 "," 3,525,983 ",1175.327667,3128,21 St & 43 Ave,40.75052534,-73.94594845,Full2018
304,44489," 1,193 "," 55,420,591 ",1245.714469,304,Broadway & Battery Pl,40.70463334,-74.01361706,Full2018
3302,5746," 1,190 "," 7,248,461 ",1261.479464,3302,Columbus Ave & W 103 St,40.7969347,-73.96434123,Full2018
3256,53499," 1,190 "," 67,068,492 ",1253.640105,3256,Pier 40 - Hudson River Park,40.72771408,-74.01129574,Full2018
3472,37698," 1,187 "," 44,813,092 ",1188.739243,3472,W 15 St & 10 Ave,40.74275383,-74.00747359,Full2018
3621,2353," 1,187 "," 2,778,205 ",1180.707607,3621,27 Ave & 9 St,40.7739825,-73.9309134,Full2018
3066,5127," 1,187 "," 6,967,986 ",1359.076653,3066,Tompkins Ave & Hopkins St,40.69957608,-73.94708417,Full2018
3173,27496," 1,186 "," 34,504,867 ",1254.904968,3173,Riverside Blvd & W 67 St,40.77750703,-73.98888588,Full2018
3554,3179," 1,179 "," 3,915,402 ",1231.645801,3554,Vernon Blvd & 41 Rd,40.7552433,-73.9485678,Full2018
3591,5646," 1,175 "," 6,993,534 ",1238.670563,3591,21 St & 31 Dr,40.7659,-73.930819,Full2018
3620,1135," 1,172 "," 1,437,520 ",1266.537445,3620,11 St & 43 Ave,40.7519071,-73.9479119,Full2018
3307,15104," 1,172 "," 18,344,106 ",1214.51973,3307,West End Ave & W 94 St,40.7941654,-73.974124,Full2018
3545,5843," 1,171 "," 7,016,469 ",1200.833305,3545,Broadway & W 122 St,40.8120562,-73.9612547,Full2018
3352,3258," 1,169 "," 4,240,808 ",1301.659914,3352,Sigourney St & Columbia St,40.67267243,-74.00879525,Full2018
364,15548," 1,169 "," 20,859,925 ",1341.646836,364,Lafayette Ave & Classon Ave,40.68900443,-73.96023854,Full2018
396,8485," 1,167 "," 10,688,100 ",1259.646435,396,Lefferts Pl & Franklin Ave,40.68034242,-73.95576894,Full2018
3540,6259," 1,165 "," 7,883,768 ",1259.589072,3540,Morningside Ave & W 123 St,40.81,-73.9551508,Full2018
416,14991," 1,163 "," 17,315,366 ",1155.050764,416,Cumberland St & Lafayette Ave,40.68753406,-73.97265183,Full2018
3468,299," 1,162 "," 326,115 ",1090.685619,3468,NYCBS Depot - STY - Garage 4,40.7303801,-73.9747502,Full2018
3510,7326," 1,160 "," 8,657,759 ",1181.785285,3510,Adam Clayton Powell Blvd & W 123 St,40.8078316,-73.949373,Full2018
372,6406," 1,157 "," 8,024,246 ",1252.614112,372,Franklin Ave & Myrtle Ave,40.69454609,-73.95801365,Full2018
3241,7482," 1,151 "," 9,526,434 ",1273.246993,3241,Monroe St & Tompkins Ave,40.686203,-73.944694,Full2018
3341,12679," 1,148 "," 15,037,981 ",1186.054184,3341,Central Park West & W 102 St,40.795346,-73.96186,Full2018
3414,14417," 1,144 "," 17,006,327 ",1179.602344,3414,Bergen St & Flatbush Ave,40.68094472,-73.97567332,Full2018
3581,10941," 1,138 "," 12,418,203 ",1135.015355,3581,Underhill Ave & Lincoln Pl,40.6740123,-73.9671457,Full2018
398,22307," 1,138 "," 26,653,596 ",1194.853454,398,Atlantic Ave & Furman St,40.69165183,-73.9999786,Full2018
351,25589," 1,137 "," 29,890,214 ",1168.088397,351,Front St & Maiden Ln,40.70530954,-74.00612572,Full2018
3583,8639," 1,137 "," 11,045,211 ",1278.528881,3583,Eastern Pkwy & Washington Ave,40.6716493,-73.9631145,Full2018
3489,12989," 1,135 "," 15,143,674 ",1165.884518,3489,Gold St & Frankfort St,40.71069995,-74.00354147,Full2018
3342,3046," 1,134 "," 3,725,651 ",1223.129022,3342,Pioneer St & Richards St,40.6777748,-74.0094613,Full2018
3129,25230," 1,131 "," 28,671,795 ",1136.416766,3129,Queens Plaza North & Crescent St,40.75110165,-73.94073717,Full2018
298,9866," 1,127 "," 11,678,548 ",1183.716602,298,3 Ave & Schermerhorn St,40.68683208,-73.9796772,Full2018
3107,26691," 1,126 "," 32,454,020 ",1215.916226,3107,Bedford Ave & Nassau Ave,40.72311651,-73.95212324,Full2018
3059,3642," 1,125 "," 4,359,494 ",1197.005491,3059,Pulaski St & Marcus Garvey Blvd,40.6933982,-73.939877,Full2018
3535,7585," 1,125 "," 8,885,972 ",1171.519051,3535,Mt Morris Park W & W 120 St,40.804038,-73.945925,Full2018
3623,8452," 1,121 "," 9,953,290 ",1177.625414,3623,W 120 St & Claremont Ave,40.8109494,-73.9634,Full2018
534,20309," 1,120 "," 23,705,487 ",1167.240485,534,Water - Whitehall Plaza,40.70255065,-74.0127234,Full2018
3534,19669," 1,119 "," 23,245,816 ",1181.850425,3534,Frederick Douglass Blvd & W 117 St,40.805159,-73.954692,Full2018
2008,49720," 1,118 "," 58,780,522 ",1182.230933,2008,Little West St & 1 Pl,40.70569254,-74.01677685,Full2018
3552,12374," 1,118 "," 14,299,332 ",1155.594957,3552,W 113 St & Broadway,40.805973,-73.964928,Full2018
3538,12595," 1,118 "," 14,384,762 ",1142.100992,3538,W 110 St & Amsterdam Ave,40.802692,-73.96295,Full2018
3457,21952," 1,118 "," 25,489,765 ",1161.15912,3457,E 58 St & Madison Ave,40.76302594,-73.97209525,Full2018
3337,2579," 1,117 "," 3,036,935 ",1177.563009,3337,Dwight St & Van Dyke St,40.67363551,-74.01195556,Full2018
3598,3749," 1,114 "," 4,258,005 ",1135.770872,3598,Newton Rd & 44 St,40.7595701,-73.9142678,Full2018
3514,5359," 1,110 "," 5,901,307 ",1101.195559,3514,Astoria Park S & Shore Blvd,40.7767,-73.927631,Full2018
3357,11714," 1,109 "," 13,881,052 ",1184.996756,3357,W 106 St & Amsterdam Ave,40.8008363,-73.96644925,Full2018
3400,12478," 1,107 "," 14,599,390 ",1170.010418,3400,E 110 St & Madison Ave,40.7961535,-73.94782145,Full2018
309,31926," 1,105 "," 37,106,998 ",1162.281463,309,Murray St & West St,40.7149787,-74.013012,Full2018
3513,2900," 1,103 "," 3,098,101 ",1068.31069,3513,21 St & Hoyt Ave S,40.774645,-73.923706,Full2018
420,10647," 1,099 "," 13,250,912 ",1244.567672,420,Clermont Ave & Lafayette Ave,40.68764484,-73.96968902,Full2018
2000,29415," 1,094 "," 33,319,160 ",1132.72684,2000,Front St & Washington St,40.70255088,-73.98940236,Full2018
3317,6508," 1,093 "," 6,557,866 ",1007.662262,3317,10 St & 5 Ave,40.6686273,-73.98700053,Full2018
3319,10430," 1,092 "," 10,911,802 ",1046.193864,3319,14 St & 5 Ave,40.666287,-73.98895053,Full2018
3305,23743," 1,092 "," 27,572,376 ",1161.284421,3305,E 91 St & 2 Ave,40.7811223,-73.94965589,Full2018
3611,7176," 1,092 "," 8,290,303 ",1155.281912,3611,Vernon Blvd & 47 Rd,40.7449067,-73.9534573,Full2018
3693,5608," 1,091 "," 6,424,270 ",1145.554565,3693,N 11 St & Kent Ave,40.72248189,-73.95921931,Full2018
3648,12956," 1,089 "," 14,645,858 ",1130.430534,3648,Flushing Ave & Vanderbilt Ave,40.69795032,-73.9707756,Full2018
2022,10599," 1,086 "," 11,929,574 ",1125.537692,2022,E 60 St & York Ave,40.759107,-73.959223,Full2018
3366,14011," 1,084 "," 15,480,743 ",1104.899222,3366,West End Ave & W 107 St,40.8021174,-73.96818053,Full2018
3494,5387," 1,082 "," 6,239,196 ",1158.194914,3494,E 115 St & Lexington Ave,40.797911,-73.9423,Full2018
279,32777," 1,076 "," 37,261,242 ",1136.810629,279,Peck Slip & Front St,40.707873,-74.00167,Full2018
3613,8303," 1,075 "," 8,565,873 ",1031.660002,3613,Center Blvd & 48 Ave,40.745038,-73.957539,Full2018
3344,7352," 1,074 "," 8,757,536 ",1191.177367,3344,Pioneer St & Van Brunt St,40.679043,-74.011169,Full2018
365,11500," 1,074 "," 12,969,267 ",1127.762348,365,Fulton St & Grand Ave,40.68223166,-73.9614583,Full2018
3588,5327," 1,073 "," 5,968,498 ",1120.423878,3588,Vernon Blvd & 10 St,40.7671863,-73.9373554,Full2018
3493,4998," 1,073 "," 6,191,891 ",1238.873749,3493,E 118 St & 3 Ave,40.799139,-73.9389152,Full2018
3163,48995," 1,072 "," 55,615,386 ",1135.123707,3163,Central Park West & W 68 St,40.7734066,-73.97782542,Full2018
3453,10884," 1,072 "," 12,143,035 ",1115.6776,3453,Devoe St & Lorimer St,40.71335226,-73.94910336,Full2018
3429,41944," 1,072 "," 45,461,399 ",1083.859408,3429,Hanson Pl & Ashland Pl,40.68506807,-73.9779076,Full2018
3336,16780," 1,070 "," 18,453,114 ",1099.70882,3336,E 97 St & Madison Ave,40.787801,-73.953559,Full2018
332,17954," 1,065 "," 19,628,944 ",1093.290854,332,Cherry St,40.71219906,-73.97948148,Full2018
3069,4614," 1,065 "," 5,203,264 ",1127.71218,3069,Lorimer St & Broadway,40.70411791,-73.94818595,Full2018
426,94466," 1,064 "," 104,822,789 ",1109.635096,426,West St & Chambers St,40.71754834,-74.01322069,Full2018
3127,3646," 1,064 "," 4,271,287 ",1171.499451,3127,9 St & 44 Rd,40.74966,-73.9521,Full2018
3145,14950," 1,063 "," 16,693,319 ",1116.609967,3145,E 84 St & Park Ave,40.77862688,-73.95772073,Full2018
3432,812," 1,063 "," 1,002,110 ",1234.125616,3432,NYCBS Depot - GOW,40.66906014,-73.99463654,Full2018
3421,4267," 1,061 "," 3,925,347 ",919.9313335,3421,Hoyt St & Warren St,40.6843549,-73.98901629,Full2018
327,64816," 1,060 "," 72,372,379 ",1116.582001,327,Vesey Pl & River Terrace,40.7153379,-74.01658354,Full2018
3647,2161," 1,056 "," 2,291,182 ",1060.241555,3647,48 Ave & 30 Pl,40.74128309,-73.93725872,Full2018
3497,12894," 1,055 "," 12,783,176 ",991.4049946,3497,Pleasant Ave & E 116 St,40.7949879,-73.9333349,Full2018
3002,76865," 1,054 "," 85,245,991 ",1109.035205,3002,South End Ave & Liberty St,40.711512,-74.015756,Full2018
3316,4665," 1,054 "," 5,051,767 ",1082.908253,3316,W 104 St & Amsterdam Ave - 1,40.7989937,-73.96621738,Full2018
530,45473," 1,053 "," 49,585,339 ",1090.434741,530,11 Ave & W 59 St,40.771522,-73.99046034,Full2018
471,18090," 1,052 "," 20,276,486 ",1120.867109,471,Grand St & Havemeyer St,40.71286844,-73.95698119,Full2018
337,18267," 1,051 "," 19,452,382 ",1064.891991,337,Old Slip & Front St,40.7037992,-74.00838676,Full2018
260,12880," 1,051 "," 13,948,611 ",1082.966693,260,Broad St & Bridge St,40.70365182,-74.01167797,Full2018
232,13732," 1,051 "," 15,202,828 ",1107.109525,232,Cadman Plaza E & Tillary St,40.69597683,-73.99014892,Full2018
261,13922," 1,050 "," 14,818,747 ",1064.412225,261,Johnson St & Gold St,40.69474881,-73.98362464,Full2018
3354,18146," 1,050 "," 20,745,856 ",1143.27433,3354,3 St & Prospect Park West,40.668132,-73.97363831,Full2018
3073,3219," 1,047 "," 3,871,058 ",1202.565393,3073,Division Ave & Hooper St,40.70691254,-73.95441667,Full2018
3091,4939," 1,043 "," 6,010,869 ",1217.021462,3091,Frost St & Meeker St,40.71764,-73.94882,Full2018
282,16954," 1,042 "," 18,404,075 ",1085.529963,282,Kent Ave & S 11 St,40.70764494,-73.96841526,Full2018
3393,3212," 1,041 "," 3,756,884 ",1169.6401,3393,Richards St & Delavan St,40.6794327,-74.00785041,Full2018
3350,21034," 1,038 "," 22,769,889 ",1082.527765,3350,W 100 St & Broadway,40.7973721,-73.97041192,Full2018
499,84963," 1,034 "," 91,293,212 ",1074.505514,499,Broadway & W 60 St,40.76915505,-73.98191841,Full2018
525,38661," 1,031 "," 40,950,767 ",1059.226792,525,W 34 St & 11 Ave,40.75594159,-74.0021163,Full2018
3289,14237," 1,029 "," 15,470,446 ",1086.636651,3289,W 90 St & Amsterdam Ave,40.79017948,-73.97288918,Full2018
3434,11763," 1,028 "," 12,225,057 ",1039.280541,3434,W 88 St & West End Ave,40.79025417,-73.9771834,Full2018
72,38405," 1,027 "," 40,411,538 ",1052.246791,72,W 52 St & 11 Ave,40.76727216,-73.99392888,Full2018
3088,6909," 1,026 "," 8,075,394 ",1168.822406,3088,Union Ave & Jackson St,40.7160751,-73.952029,Full2018
3326,2568," 1,023 "," 2,953,919 ",1150.279984,3326,Clinton St & Centre St,40.67434,-74.00194698,Full2018
322,13657," 1,020 "," 14,592,735 ",1068.516878,322,Clinton St & Tillary St,40.696192,-73.991218,Full2018
3370,13307," 1,015 "," 13,273,481 ",997.4811002,3370,E 78 St & 2 Ave,40.7727966,-73.95577801,Full2018
3692,1769," 1,015 "," 1,613,171 ",911.9112493,3692,5 St & Market St,40.69999748,-73.97440128,Full2018
3359,11515," 1,012 "," 12,071,603 ",1048.337212,3359,E 68 St & Madison Ave,40.7691572,-73.96703464,Full2018
212,44712," 1,010 "," 42,224,452 ",944.3650921,212,W 16 St & The High Line,40.74334935,-74.00681753,Full2018
278,7682," 1,010 "," 8,313,616 ",1082.220255,278,Concord St & Bridge St,40.69766564,-73.98476437,Full2018
539,42693," 1,009 "," 43,343,204 ",1015.229757,539,Metropolitan Ave & Bedford Ave,40.71534825,-73.96024116,Full2018
289,9038," 1,007 "," 9,507,703 ",1051.969794,289,Monroe St & Classon Ave,40.6845683,-73.95881081,Full2018
3300,11535," 1,006 "," 11,522,238 ",998.8936281,3300,Prospect Park West & 8 St,40.66514682,-73.97637606,Full2018
3391,4664," 1,005 "," 4,872,182 ",1044.635935,3391,E 106 St & 1 Ave,40.7892529,-73.93956237,Full2018
3507,22263," 1,005 "," 22,913,476 ",1029.217805,3507,Park Ave & E 124 St,40.8045555,-73.9396861,Full2018
3456,3375," 1,004 "," 3,894,989 ",1154.070815,3456,Jackson St & Leonard St,40.71638032,-73.94821286,Full2018
3557,1550," 1,001 "," 1,507,486 ",972.5716129,3557,40 Ave & 9 St,40.75742,-73.945133,Full2018
3508,13239," 1,000 "," 13,535,149 ",1022.369439,3508,St Nicholas Ave & Manhattan Ave,40.809725,-73.953149,Full2018
3330,2390," 1,000 "," 2,510,594 ",1050.457741,3330,Henry St & Bay St,40.6725058,-74.00494695,Full2018
3674,27609," 1,000 "," 28,029,262 ",1015.22192,3674,Jay St & York St,40.70140317,-73.9867267,Full2018
3394,1776, 999 ," 1,923,196 ",1082.880631,3394,Columbia St & W 9 St,40.6769993,-74.00647134,Full2018
3139,16414, 991 ," 17,245,328 ",1050.647496,3139,E 72 St & Park Ave,40.77118288,-73.96409422,Full2018
415,23965, 985 ," 24,663,472 ",1029.145504,415,Pearl St & Hanover Square,40.7047177,-74.00926027,Full2018
3377,10716, 984 ," 11,217,835 ",1046.83044,3377,Carroll St & Bond St,40.6786115,-73.99037292,Full2018
303,36175, 984 ," 37,182,515 ",1027.85114,303,Mercer St & Spring St,40.72362738,-73.99949601,Full2018
3418,19849, 983 ," 21,470,091 ",1081.671167,3418,Plaza St West & Flatbush Ave,40.6750207,-73.97111473,Full2018
405,59859, 979 ," 61,157,942 ",1021.700028,405,Washington St & Gansevoort St,40.739323,-74.008119,Full2018
264,22127, 979 ," 22,285,458 ",1007.161296,264,Maiden Ln & Pearl St,40.70706456,-74.00731853,Full2018
331,17830, 974 ," 18,074,371 ",1013.705609,331,Pike St & Monroe St,40.71173107,-73.99193043,Full2018
3642,268, 973 ," 197,006 ",735.0970149,3642,E 98 St & Lexington Ave,40.7872852,-73.95012259,Full2018
3615,9517, 972 ," 9,153,256 ",961.7795524,3615,44 Dr & 21 St,40.748,-73.9460927,Full2018
313,14005, 971 ," 13,939,180 ",995.3002499,313,Washington Ave & Park Ave,40.69610226,-73.96751037,Full2018
3313,6917, 971 ," 6,900,994 ",997.685991,3313,6 Ave & 12 St,40.6663181,-73.9854617,Full2018
412,42257, 970 ," 42,088,404 ",996.0102232,412,Forsyth St & Canal St,40.7158155,-73.99422366,Full2018
2001,2386, 970 ," 2,441,021 ",1023.059933,2001,Sands St & Navy St,40.699773,-73.979927,Full2018
3355,7382, 970 ," 7,418,522 ",1004.94744,3355,E 66 St & Madison Ave,40.76800889,-73.96845281,Full2018
339,14851, 969 ," 14,878,107 ",1001.825264,339,Avenue D & E 12 St,40.72580614,-73.97422494,Full2018
508,38503, 966 ," 38,569,668 ",1001.731501,508,W 46 St & 11 Ave,40.76341379,-73.99667444,Full2018
377,40918, 966 ," 40,029,554 ",978.2871597,377,6 Ave & Canal St,40.72243797,-74.00566443,Full2018
3539,14350, 963 ," 14,000,048 ",975.613101,3539,W 116 St & Amsterdam Ave,40.8067581,-73.9607082,Full2018
3243,25147, 962 ," 25,215,753 ",1002.734044,3243,E 58 St & 1 Ave,40.75892386,-73.96226227,Full2018
3363,6825, 961 ," 6,778,785 ",993.2285714,3363,E 102 St & Park Ave,40.7904828,-73.95033068,Full2018
3603,5586, 961 ," 4,903,773 ",877.8684211,3603,31 Ave & 30 St,40.7647,-73.9240312,Full2018
430,3021, 961 ," 2,884,377 ",954.775571,430,York St & Jay St,40.7014851,-73.98656928,Full2018
120,10546, 960 ," 10,446,830 ",990.5964347,120,Lexington Ave & Classon Ave,40.68676793,-73.95928168,Full2018
308,23237, 959 ," 24,056,085 ",1035.249172,308,St James Pl & Oliver St,40.71307916,-73.99851193,Full2018
3491,5402, 957 ," 5,083,509 ",941.0420215,3491,E 118 St & 1 Ave,40.79747,-73.93504,Full2018
3226,28739, 957 ," 29,111,204 ",1012.951181,3226,W 82 St & Central Park West,40.78275,-73.97137,Full2018
3441,4481, 954 ," 4,414,934 ",985.256416,3441,10 Hudson Yards,40.752957,-74.00264,Full2018
403,49678, 954 ," 46,059,630 ",927.1635332,403,E 2 St & 2 Ave,40.72502876,-73.99069656,Full2018
3582,3838, 954 ," 3,938,801 ",1026.26394,3582,Lincoln Pl & Classon Ave,40.6721683,-73.9609,Full2018
3325,1167, 952 ," 1,156,646 ",991.1276778,3325,E 95 St & 3 Ave,40.7849032,-73.950503,Full2018
355,34350, 949 ," 33,695,793 ",980.9546725,355,Bayard St & Baxter St,40.71602118,-73.99974372,Full2018
3242,15857, 949 ," 16,509,594 ",1041.154947,3242,Schermerhorn St & Court St,40.69102926,-73.99183363,Full2018
3346,18148, 948 ," 18,218,141 ",1003.864944,3346,Berkeley Pl & 7 Ave,40.67514684,-73.97523209,Full2018
270,18609, 948 ," 15,276,344 ",820.9116019,270,Adelphi St & Myrtle Ave,40.69308257,-73.97178913,Full2018
3570,6150, 948 ," 5,880,850 ",956.2357724,3570,35 Ave & 37 St,40.7557327,-73.9236611,Full2018
3580,9066, 946 ," 8,612,627 ",949.9919479,3580,St Johns Pl & Washington Ave,40.6737236,-73.9631611,Full2018
460,37799, 945 ," 37,076,116 ",980.8755787,460,S 4 St & Wythe Ave,40.71285887,-73.96590294,Full2018
3132,24872, 943 ," 23,900,220 ",960.9287552,3132,E 59 St & Madison Ave,40.76350532,-73.97109243,Full2018
341,16776, 943 ," 16,049,216 ",956.6771578,341,Stanton St & Mangin St,40.71782143,-73.97628939,Full2018
390,17173, 942 ," 16,604,128 ",966.8740465,390,Duffield St & Willoughby St,40.69221589,-73.9842844,Full2018
3569,8306, 942 ," 7,666,863 ",923.0511678,3569,Franklin Ave & St Marks Ave,40.6758324,-73.9561677,Full2018
3630,3235, 939 ," 3,074,948 ",950.5248841,3630,Frederick Douglass Blvd & W 115 St,40.8038654,-73.9559308,Full2018
344,11390, 939 ," 11,143,999 ",978.4020193,344,Monroe St & Bedford Ave,40.6851443,-73.95380904,Full2018
3162,21643, 936 ," 21,304,161 ",984.3441759,3162,W 78 St & Broadway,40.78339981,-73.98093133,Full2018
3397,7648, 935 ," 7,650,718 ",1000.355387,3397,Court St & Nelson St,40.6763947,-73.99869893,Full2018
3296,10847, 935 ," 10,853,304 ",1000.581175,3296,E 93 St & 2 Ave,40.78245418,-73.94891962,Full2018
457,62276, 934 ," 60,345,696 ",969.0040465,457,Broadway & W 58 St,40.76695317,-73.98169333,Full2018
3343,9072, 934 ," 8,640,420 ",952.4272487,3343,W 107 St & Columbus Ave,40.7997568,-73.96211287,Full2018
3544,8664, 932 ," 8,590,198 ",991.4817636,3544,Underhill Ave & Pacific St,40.6804836,-73.9646795,Full2018
3057,7077, 932 ," 6,781,894 ",958.3006924,3057,Kosciuszko St & Tompkins Ave,40.69128258,-73.9452416,Full2018
3401,4234, 931 ," 3,826,386 ",903.7283892,3401,2 Ave & 9 St,40.6724811,-73.99331394,Full2018
473,27417, 931 ," 26,849,811 ",979.3125068,473,Rivington St & Chrystie St,40.72110063,-73.9919254,Full2018
481,22087, 930 ," 21,133,645 ",956.8363743,481,S 3 St & Bedford Ave,40.71260486,-73.96264403,Full2018
3152,9892, 930 ," 9,247,840 ",934.8807117,3152,3 Ave & E 71 St,40.76873687,-73.96119945,Full2018
79,27198, 930 ," 25,240,836 ",928.04015,79,Franklin St & W Broadway,40.71911552,-74.00666661,Full2018
323,23579, 930 ," 22,834,016 ",968.404767,323,Lawrence St & Willoughby St,40.69236178,-73.98631746,Full2018
3087,16212, 930 ," 15,601,827 ",962.3628793,3087,Metropolitan Ave & Meeker Ave,40.71413311,-73.95234386,Full2018
3122,4722, 929 ," 4,616,692 ",977.6984329,3122,48 Ave & 5 St,40.74436329,-73.95587325,Full2018
241,14559, 929 ," 14,361,361 ",986.4249605,241,DeKalb Ave & S Portland Ave,40.68981035,-73.97493121,Full2018
3467,35844, 929 ," 34,439,354 ",960.8122419,3467,W Broadway & Spring Street,40.72494672,-74.00165856,Full2018
3532,6254, 929 ," 6,235,515 ",997.0442917,3532,Ditmars Blvd & 19 St,40.78145,-73.9183302,Full2018
477,87956, 928 ," 87,052,361 ",989.7262381,477,W 41 St & 8 Ave,40.75640548,-73.9900262,Full2018
265,46285, 926 ," 44,745,769 ",966.7444961,265,Stanton St & Chrystie St,40.72229346,-73.99147535,Full2018
3375,10684, 926 ," 9,930,913 ",929.5126357,3375,3 Ave & E 72 St,40.7699426,-73.96060712,Full2018
3697,14127, 926 ," 12,962,601 ",917.5763432,3697,W 64 St & Thelonious Monk Circle,40.77515953,-73.98918696,Full2018
386,24843, 925 ," 23,660,185 ",952.3883991,386,Centre St & Worth St,40.71494807,-74.00234482,Full2018
3597,5679, 925 ," 5,433,379 ",956.7492516,3597,43 St & Broadway,40.7577284,-73.9166368,Full2018
3294,11920, 925 ," 11,245,959 ",943.4529362,3294,E 91 St & Park Ave,40.7835016,-73.955327,Full2018
418,12392, 924 ," 11,782,084 ",950.7814719,418,Front St & Gold St,40.70224,-73.982578,Full2018
3369,12056, 924 ," 11,405,092 ",946.0096218,3369,E 82 St & East End Ave,40.7724607,-73.9468208,Full2018
3081,10267, 923 ," 9,652,992 ",940.1959677,3081,Graham Ave & Grand St,40.711863,-73.944024,Full2018
3070,4979, 921 ," 4,924,581 ",989.0702952,3070,McKibbin St & Manhattan Ave,40.70510918,-73.94407279,Full2018
3285,21164, 921 ," 20,198,316 ",954.3713854,3285,W 87 St & Amsterdam Ave,40.78839,-73.9747,Full2018
3328,14596, 921 ," 13,860,032 ",949.5774185,3328,W 100 St & Manhattan Ave,40.795,-73.9645,Full2018
455,29565, 921 ," 27,639,149 ",934.8604431,455,1 Ave & E 44 St,40.75001986,-73.96905301,Full2018
516,17769, 921 ," 16,616,754 ",935.1541449,516,E 47 St & 1 Ave,40.75206862,-73.96784384,Full2018
376,21808, 920 ," 20,725,564 ",950.3651871,376,John St & William St,40.70862144,-74.00722156,Full2018
3528,4215, 920 ," 4,053,170 ",961.6061684,3528,Steinway St & 23 Ave,40.7713937,-73.9077436,Full2018
3564,1402, 920 ," 1,252,720 ",893.5235378,3564,21 St & 36 Ave,40.7601853,-73.9362726,Full2018
422,29436, 918 ," 28,056,220 ",953.1261041,422,W 59 St & 10 Ave,40.770513,-73.988038,Full2018
3092,25892, 917 ," 22,338,369 ",862.7517766,3092,Berry St & N 8 St,40.7190095,-73.95852515,Full2018
3156,31024, 916 ," 28,991,348 ",934.4813048,3156,E 72 St & York Ave,40.76663814,-73.95348296,Full2018
248,12027, 913 ," 11,205,120 ",931.6637565,248,Laight St & Hudson St,40.72185379,-74.00771779,Full2018
3618,5061, 912 ," 4,766,139 ",941.7385892,3618,27 St & Hunter St,40.7485,-73.941275,Full2018
3673,7022, 912 ," 6,544,241 ",931.9625463,3673,Dean St & Franklin Ave,40.67759207,-73.95563722,Full2018
2010,34221, 909 ," 31,162,179 ",910.6156746,2010,Grand St & Greene St,40.72165481,-74.00234737,Full2018
3579,7128, 909 ," 6,646,139 ",932.3988496,3579,Sterling Pl & Bedford Ave,40.672695,-73.954131,Full2018
523,68619, 908 ," 62,120,212 ",905.2917122,523,W 38 St & 8 Ave,40.75466591,-73.99138152,Full2018
3322,4727, 908 ," 4,521,131 ",956.4482759,3322,12 St & 4 Ave,40.668603,-73.9904394,Full2018
242,11410, 907 ," 10,655,282 ",933.8546889,242,Carlton Ave & Flushing Ave,40.697787,-73.973736,Full2018
3372,24697, 906 ," 22,693,399 ",918.8726971,3372,E 74 St & 1 Ave,40.7689738,-73.95482273,Full2018
3312,14778, 906 ," 13,689,079 ",926.3147246,3312,1 Ave & E 94 St,40.7817212,-73.94594,Full2018
3288,12990, 905 ," 12,063,409 ",928.6688992,3288,E 88 St & 1 Ave,40.778301,-73.9488134,Full2018
3419,11111, 905 ," 11,001,647 ",990.1581316,3419,Douglass St & 4 Ave,40.6792788,-73.98154004,Full2018
441,30634, 904 ," 28,325,837 ",924.6535549,441,E 52 St & 2 Ave,40.756014,-73.967416,Full2018
3134,19126, 902 ," 18,277,363 ",955.6291436,3134,3 Ave & E 62 St,40.76312584,-73.96526895,Full2018
3387,5731, 902 ," 5,296,606 ",924.2027569,3387,E 106 St & Madison Ave,40.7934337,-73.94945003,Full2018
3407,11270, 901 ," 10,261,727 ",910.5347826,3407,Union St & Nevins St,40.679098,-73.98765475,Full2018
3231,8992, 899 ," 8,160,057 ",907.4796486,3231,E 67 St & Park Ave,40.7678008,-73.96592081,Full2018
3390,6016, 899 ," 5,403,600 ",898.2047872,3390,E 109 St & 3 Ave,40.79329668,-73.9432083,Full2018
3283,28324, 897 ," 25,991,202 ",917.6388222,3283,W 89 St & Columbus Ave,40.7882213,-73.97041561,Full2018
3577,3597, 897 ," 3,390,297 ",942.5346122,3577,34 Ave & 21 St,40.7628138,-73.9342862,Full2018
3378,14124, 893 ," 12,678,130 ",897.6302747,3378,E 76 St & Park Ave,40.773763,-73.96222088,Full2018
312,52397, 893 ," 48,404,908 ",923.8106762,312,Allen St & Stanton St,40.722055,-73.989111,Full2018
2021,46691, 892 ," 41,949,969 ",898.4594247,2021,W 45 St & 8 Ave,40.75929124,-73.98859651,Full2018
360,21090, 891 ," 19,430,236 ",921.3009009,360,William St & Pine St,40.70717936,-74.00887308,Full2018
3299,3572, 891 ," 3,082,436 ",862.944009,3299,E 98 St & Park Ave,40.78813,-73.95206,Full2018
151,72615, 890 ," 63,380,235 ",872.8256559,151,Cleveland Pl & Spring St,40.72210379,-73.99724901,Full2018
3609,3678, 890 ," 3,473,593 ",944.4244154,3609,Vernon Blvd & 31 Ave,40.7692475,-73.9354504,Full2018
3474,39126, 889 ," 34,629,706 ",885.0816848,3474,6 Ave & Spring St,40.7252557,-74.00412083,Full2018
3301,24206, 889 ," 21,868,336 ",903.426258,3301,Columbus Ave & W 95 St,40.7919557,-73.968087,Full2018
3135,14744, 889 ," 13,221,098 ",896.7103907,3135,E 75 St & 3 Ave,40.77112927,-73.95772297,Full2018
3153,6299, 888 ," 5,591,735 ",887.7178917,3153,E 71 St & 2 Ave,40.76817547,-73.95910263,Full2018
363,38624, 887 ," 36,991,533 ",957.7343879,363,West Thames St,40.70834698,-74.01713445,Full2018
3701,11914, 887 ," 10,502,201 ",881.5008393,3701,Cliff St & Fulton St,40.70831794,-74.00504082,Full2018
302,22969, 886 ," 20,738,508 ",902.8912012,302,Avenue D & E 3 St,40.72082834,-73.97793172,Full2018
3148,20917, 886 ," 17,945,828 ",857.9541999,3148,E 84 St & 1 Ave,40.77565541,-73.95068615,Full2018
3503,3460, 886 ," 3,055,775 ",883.1719653,3503,Madison Ave & E 120 St,40.80295,-73.942954,Full2018
3290,8175, 885 ," 7,220,917 ",883.2925994,3290,E 89 St & York Ave,40.7779453,-73.946041,Full2018
3293,18051, 885 ," 16,422,270 ",909.7706498,3293,W 92 St & Broadway,40.7921,-73.9739,Full2018
3671,11215, 885 ," 10,023,086 ",893.7214445,3671,E 81 St & 2 Ave,40.77477945,-73.95427465,Full2018
3461,34373, 884 ," 31,516,189 ",916.8879353,3461,Murray St & Greenwich St,40.71485151,-74.01122332,Full2018
3141,57741, 884 ," 51,942,812 ",899.5828268,3141,1 Ave & E 68 St,40.76500525,-73.95818491,Full2018
3236,42356, 883 ," 38,500,926 ",908.9839928,3236,W 42 St & Dyer Ave,40.75898481,-73.99379969,Full2018
305,40638, 882 ," 36,542,176 ",899.2119691,305,E 58 St & 3 Ave,40.76095756,-73.96724467,Full2018
3286,9798, 882 ," 8,653,546 ",883.1951419,3286,E 89 St & 3 Ave,40.7806284,-73.9521667,Full2018
366,22406, 881 ," 20,322,554 ",907.0139248,366,Clinton Ave & Myrtle Ave,40.693261,-73.968896,Full2018
3654,3402, 881 ," 3,084,928 ",906.7983539,3654,31 St & Northern Blvd,40.75186951,-73.9334929,Full2018
195,39947, 881 ," 36,214,681 ",906.5682279,195,Liberty St & Broadway,40.70905623,-74.01043382,Full2018
400,9223, 880 ," 8,458,796 ",917.1414941,400,Pitt St & Stanton St,40.71926081,-73.98178024,Full2018
3608,3694, 880 ," 3,339,300 ",903.9794261,3608,5 St & 51 Ave,40.7423737,-73.9566,Full2018
3561,3684, 880 ," 3,369,542 ",914.6422367,3561,37 Ave & 35 St,40.7531106,-73.9279917,Full2018
3314,26203, 880 ," 23,878,238 ",911.2787849,3314,W 95 St & Broadway,40.7937704,-73.971888,Full2018
3559,1365, 880 ," 1,304,802 ",955.8989011,3559,21 St & 38 Ave,40.7576314,-73.9391224,Full2018
3310,10354, 880 ," 9,649,515 ",931.960112,3310,14 St & 7 Ave,40.663779,-73.98396846,Full2018
2002,33774, 880 ," 30,929,653 ",915.7829395,2002,Wythe Ave & Metropolitan Ave,40.716887,-73.963198,Full2018
3392,3710, 879 ," 3,482,444 ",938.6641509,3392,Commerce St & Van Brunt St,40.6812117,-74.00860912,Full2018
3688,13109, 879 ," 11,691,909 ",891.8993821,3688,2 Ave & E 55 St,40.75792021,-73.96638215,Full2018
3223,35927, 879 ," 32,417,416 ",902.313469,3223,E 55 St & 3 Ave,40.75899656,-73.96865398,Full2018
316,23282, 878 ," 21,100,962 ",906.3208487,316,Fulton St & William St,40.70955958,-74.00653609,Full2018
458,56476, 877 ," 51,848,391 ",918.0606098,458,11 Ave & W 27 St,40.751396,-74.005226,Full2018
3126,14009, 876 ," 12,561,359 ",896.663502,3126,44 Dr & Jackson Ave,40.74718234,-73.9432635,Full2018
2023,19758, 876 ," 17,404,405 ",880.8788845,2023,E 55 St & Lexington Ave,40.75968085,-73.97031366,Full2018
296,33505, 876 ," 30,243,909 ",902.6685271,296,Division St & Bowery,40.71413089,-73.9970468,Full2018
3686,40119, 875 ," 34,441,996 ",858.4958748,3686,Gansevoort St & Hudson St,40.7394482,-74.00507033,Full2018
408,18033, 875 ," 16,372,559 ",907.9220873,408,Market St & Cherry St,40.71076228,-73.99400398,Full2018
2005,1333, 875 ," 1,161,518 ",871.3563391,2005,Railroad Ave & Kay Ave,40.70531194,-73.97100056,Full2018
3255,80097, 875 ," 67,170,124 ",838.6097357,3255,8 Ave & W 31 St,40.75058535,-73.99468482,Full2018
328,36430, 875 ," 33,588,886 ",922.0116937,328,Watts St & Greenwich St,40.72405549,-74.00965965,Full2018
3690,9216, 875 ," 8,126,130 ",881.7415365,3690,Park Pl & Church St,40.71334184,-74.00935516,Full2018
3555,9156, 874 ," 8,183,402 ",893.7747925,3555,28 St & 41 Ave,40.751047,-73.93797,Full2018
3376,14956, 872 ," 13,222,780 ",884.112062,3376,E 65 St & 2 Ave,40.76471852,-73.9622207,Full2018
295,26586, 871 ," 23,342,232 ",877.9896186,295,Pike St & E Broadway,40.71406667,-73.99293911,Full2018
3430,11407, 869 ," 8,703,268 ",762.9760673,3430,Richardson St & N Henry St,40.71907891,-73.9422369,Full2018
342,20024, 869 ," 17,517,496 ",874.82501,342,Columbia St & Rivington St,40.71739973,-73.98016555,Full2018
379,74974, 868 ," 64,864,115 ",865.154787,379,W 31 St & 7 Ave,40.749156,-73.9916,Full2018
454,21407, 866 ," 18,846,212 ",880.3761386,454,E 51 St & 1 Ave,40.75455731,-73.96592976,Full2018
383,47760, 866 ," 43,566,715 ",912.2009003,383,Greenwich Ave & Charles St,40.735238,-74.000271,Full2018
515,42942, 866 ," 38,862,759 ",905.0057985,515,W 43 St & 10 Ave,40.76009437,-73.99461843,Full2018
3284,11062, 866 ," 9,989,171 ",903.0167239,3284,E 88 St & Park Ave,40.7814107,-73.95595908,Full2018
3158,45633, 866 ," 40,049,334 ",877.6397344,3158,W 63 St & Broadway,40.77163851,-73.98261428,Full2018
3103,3243, 865 ," 3,032,032 ",934.9466543,3103,N 11 St & Wythe Ave,40.72153267,-73.95782357,Full2018
459,75528, 865 ," 67,471,241 ",893.3275209,459,W 20 St & 11 Ave,40.746745,-74.007756,Full2018
417,45947, 864 ," 40,595,912 ",883.5378153,417,Barclay St & Church St,40.71291224,-74.01020234,Full2018
3675,6559, 863 ," 5,820,437 ",887.3970117,3675,3 Ave & E 95 St,40.7845968,-73.94968539,Full2018
3459,30230, 863 ," 26,394,488 ",873.1223288,3459,E 53 St & 3 Ave,40.75763228,-73.96930575,Full2018
368,80558, 863 ," 71,319,454 ",885.3180814,368,Carmine St & 6 Ave,40.73038599,-74.00214988,Full2018
266,18214, 863 ," 16,119,483 ",885.005106,266,Avenue D & E 8 St,40.72368361,-73.97574813,Full2018
3565,3955, 863 ," 3,677,497 ",929.8348925,3565,36 Ave & 10 St,40.7614376,-73.9411265,Full2018
3556,5339, 863 ," 4,655,340 ",871.9498033,3556,24 St & 41 Ave,40.7527085,-73.9397405,Full2018
3542,9738, 863 ," 8,582,830 ",881.3750257,3542,Amsterdam Ave & W 119 St,40.8086249,-73.9596214,Full2018
349,20300, 862 ," 17,955,831 ",884.5236946,349,Rivington St & Ridge St,40.71850211,-73.98329859,Full2018
3146,16620, 862 ," 14,806,619 ",890.8916366,3146,E 81 St & 3 Ave,40.77573034,-73.9567526,Full2018
410,45992, 862 ," 41,062,263 ",892.8131632,410,Suffolk St & Stanton St,40.72066442,-73.98517977,Full2018
164,29954, 861 ," 25,834,497 ",862.4723576,164,E 47 St & 2 Ave,40.75323098,-73.97032517,Full2018
3142,40097, 861 ," 35,325,501 ",881.0010973,3142,1 Ave & E 62 St,40.7612274,-73.96094022,Full2018
3606,3869, 860 ," 3,369,176 ",870.81313,3606,49 Ave & 21 St,40.74252,-73.948852,Full2018
448,43777, 859 ," 38,993,483 ",890.7299038,448,W 37 St & 10 Ave,40.75660359,-73.9979009,Full2018
522,23700, 858 ," 20,734,822 ",874.8870042,522,E 51 St & Lexington Ave,40.75714758,-73.97207836,Full2018
3458,38545, 858 ," 33,509,155 ",869.3515372,3458,W 55 St & 6 Ave,40.76309387,-73.97835016,Full2018
3164,68171, 857 ," 60,752,982 ",891.1851374,3164,Columbus Ave & W 72 St,40.7770575,-73.97898475,Full2018
238,26439, 857 ," 23,484,246 ",888.2425962,238,Bank St & Washington St,40.7361967,-74.00859207,Full2018
3105,8952, 856 ," 7,958,386 ",889.006479,3105,N 15 St & Wythe Ave,40.724055,-73.955736,Full2018
3140,38475, 856 ," 33,272,601 ",864.7849513,3140,1 Ave & E 78 St,40.77140426,-73.9535166,Full2018
3309,4779, 856 ," 4,295,197 ",898.7648044,3309,E 97 St & 3 Ave,40.7859201,-73.94860294,Full2018
479,58161, 855 ," 51,835,193 ",891.2362752,479,9 Ave & W 45 St,40.76019252,-73.9912551,Full2018
228,26197, 855 ," 22,806,787 ",870.5877391,228,E 48 St & 3 Ave,40.7546011,-73.97187886,Full2018
470,33332, 855 ," 28,425,206 ",852.7902916,470,W 20 St & 8 Ave,40.74345335,-74.00004031,Full2018
257,33084, 855 ," 29,345,020 ",886.9852497,257,Lispenard St & Broadway,40.71939226,-74.00247214,Full2018
520,39202, 854 ," 34,324,071 ",875.5693842,520,W 52 St & 5 Ave,40.75992262,-73.97648516,Full2018
524,44041, 854 ," 38,102,091 ",865.1504507,524,W 43 St & 6 Ave,40.75527307,-73.98316936,Full2018
3161,31105, 853 ," 27,020,435 ",868.6846166,3161,W 76 St & Columbus Ave,40.78018397,-73.97728533,Full2018
495,40935, 853 ," 36,169,164 ",883.5755222,495,W 47 St & 10 Ave,40.76269882,-73.99301222,Full2018
3435,67570, 853 ," 58,780,447 ",869.9192985,3435,Grand St & Elizabeth St,40.718822,-73.99596,Full2018
3496,10879, 853 ," 9,513,921 ",874.5216472,3496,1 Ave & E 110 St,40.7923272,-73.9383,Full2018
389,21890, 851 ," 19,274,978 ",880.5380539,389,Broadway & Berry St,40.71044554,-73.96525063,Full2018
3625,1968, 850 ," 1,857,036 ",943.6158537,3625,28 St & 40 Ave,40.7525758,-73.9364281,Full2018
274,18315, 850 ," 16,163,551 ",882.5307671,274,Lafayette Ave & Fort Greene Pl,40.68691865,-73.976682,Full2018
3462,21624, 849 ," 18,740,805 ",866.6668979,3462,E 44 St & 2 Ave,40.75118387,-73.97138715,Full2018
3700,1520, 849 ," 1,259,517 ",828.6296053,3700,E 87 St & 3 Ave,40.77940609,-73.95333588,Full2018
3562,10498, 849 ," 9,187,612 ",875.1773671,3562,Classon Ave & St Marks Ave,40.6765198,-73.9596082,Full2018
478,46503, 848 ," 40,710,835 ",875.4453476,478,11 Ave & W 41 St,40.76030096,-73.99884222,Full2018
347,52635, 848 ," 45,874,398 ",871.5569108,347,Greenwich St & W Houston St,40.728846,-74.008591,Full2018
411,20597, 848 ," 17,792,859 ",863.8568238,411,E 6 St & Avenue D,40.72228087,-73.97668709,Full2018
3687,30557, 847 ," 26,193,575 ",857.2037504,3687,E 33 St & 1 Ave,40.74322681,-73.97449784,Full2018
3422,11179, 847 ," 9,832,109 ",879.5159674,3422,Columbia St & Degraw St,40.6859296,-74.00242364,Full2018
3356,16631, 847 ," 14,300,337 ",859.8603211,3356,Amsterdam Ave & W 66 St,40.7746671,-73.98470567,Full2018
3705,7572, 847 ," 6,412,359 ",846.8514263,3705,Thompson St & Bleecker St,40.72840059,-73.99968781,Full2018
3176,12867, 846 ," 11,220,175 ",872.0117354,3176,W 64 St & West End Ave,40.77452835,-73.98753759,Full2018
3404,8334, 845 ," 7,202,430 ",864.2224622,3404,7 St & 5 Ave,40.6704922,-73.98541675,Full2018
3147,37634, 844 ," 33,759,541 ",897.0489717,3147,E 85 St & 3 Ave,40.77801203,-73.95407149,Full2018
3096,16581, 844 ," 15,074,279 ",909.1296665,3096,Union Ave & N 12 St,40.71924,-73.95242,Full2018
361,44189, 844 ," 38,517,419 ",871.6517459,361,Allen St & Hester St,40.71605866,-73.99190759,Full2018
306,14957, 844 ," 13,045,646 ",872.2100689,306,Cliff St & Fulton St_1,40.70823502,-74.00530063,Full2018
456,35546, 843 ," 32,682,145 ",919.4324256,456,E 53 St & Madison Ave,40.7597108,-73.97402311,Full2018
467,24987, 843 ," 21,915,434 ",877.0734382,467,Dean St & 4 Ave,40.68312489,-73.97895137,Full2018
3589,3700, 843 ," 3,263,648 ",882.067027,3589,Broadway & 12 St,40.7668,-73.9347774,Full2018
3658,27061, 842 ," 23,017,106 ",850.5637633,3658,W 18 St & 9 Ave,40.74353373,-74.00367558,Full2018
320,24317, 841 ," 21,226,016 ",872.8879385,320,Leonard St & Church St,40.717571,-74.005549,Full2018
3155,22659, 841 ," 19,455,226 ",858.6092061,3155,Lexington Ave & E 63 St,40.76440023,-73.96648977,Full2018
356,20094, 840 ," 17,137,867 ",852.8847915,356,Bialystoker Pl & Delancey St,40.71622644,-73.98261206,Full2018
480,38326, 838 ," 33,252,813 ",867.6306685,480,W 53 St & 10 Ave,40.76669671,-73.99061728,Full2018
3699,8488, 838 ," 7,166,548 ",844.3152686,3699,W 50 St & 9 Ave,40.76360468,-73.98917958,Full2018
440,31266, 837 ," 26,922,208 ",861.0697883,440,E 45 St & 3 Ave,40.75255434,-73.97282625,Full2018
3490,4142, 837 ," 3,669,228 ",885.8590053,3490,E 116 St & 2 Ave,40.796879,-73.937261,Full2018
3417,14761, 835 ," 12,650,148 ",856.9980354,3417,Baltic St & 5 Ave,40.6795766,-73.97854971,Full2018
3093,38452, 835 ," 31,196,800 ",811.3180069,3093,N 6 St & Bedford Ave,40.71745169,-73.95850939,Full2018
537,50017, 834 ," 41,018,451 ",820.0901893,537,Lexington Ave & E 24 St,40.74025878,-73.98409214,Full2018
249,16799, 832 ," 14,323,282 ",852.6270611,249,Harrison St & Hudson St,40.71870987,-74.0090009,Full2018
3298,12304, 832 ," 10,709,544 ",870.4115735,3298,Warren St & Court St,40.686371,-73.99383324,Full2018
3112,29639, 831 ," 25,338,310 ",854.8976011,3112,Milton St & Franklin St,40.72906,-73.95779,Full2018
3486,21822, 831 ," 19,329,062 ",885.7603336,3486,Schermerhorn St & Bond St,40.68841743,-73.98451656,Full2018
3171,28800, 831 ," 24,509,071 ",851.0094097,3171,Amsterdam Ave & W 82 St,40.78524672,-73.97667321,Full2018
3454,8698, 831 ," 7,555,318 ",868.6270407,3454,Leonard St & Maujer St,40.71036854,-73.94705951,Full2018
3118,14576, 831 ," 12,454,226 ",854.4337267,3118,McGuinness Blvd & Eagle St,40.73555,-73.95284,Full2018
243,12031, 831 ," 9,986,763 ",830.0858615,243,Fulton St & Rockwell Pl,40.688226,-73.979382,Full2018
3546,3171, 831 ," 2,726,993 ",859.978871,3546,Pacific St & Classon Ave,40.6791944,-73.9587903,Full2018
310,17442, 830 ," 15,001,791 ",860.0958032,310,State St & Smith St,40.68926942,-73.98912867,Full2018
3659,33174, 830 ," 28,214,381 ",850.4968047,3659,W 17 St & 9 Ave,40.74294892,-74.00413692,Full2018
3398,11803, 829 ," 9,756,899 ",826.6456833,3398,Smith St & 9 St,40.6746957,-73.99785768,Full2018
518,53614, 828 ," 45,597,531 ",850.4780654,518,E 39 St & 2 Ave,40.74780373,-73.9734419,Full2018
513,29455, 826 ," 24,983,372 ",848.1878119,513,W 56 St & 10 Ave,40.768254,-73.988639,Full2018
3438,9669, 826 ," 8,155,794 ",843.4992243,3438,E 76 St & 3 Ave,40.77224854,-73.95842135,Full2018
493,11915, 826 ," 9,925,638 ",833.03718,493,W 45 St & 6 Ave,40.7568001,-73.98291153,Full2018
128,60831, 826 ," 51,657,050 ",849.189558,128,MacDougal St & Prince St,40.72710258,-74.00297088,Full2018
447,45062, 825 ," 38,433,346 ",852.8992499,447,8 Ave & W 52 St,40.76370739,-73.9851615,Full2018
3151,14716, 825 ," 12,221,705 ",830.5045529,3151,E 81 St & York Ave,40.7728384,-73.94989233,Full2018
3360,29447, 825 ," 24,848,271 ",843.8303053,3360,Amsterdam Ave & W 79 St,40.7829391,-73.9786517,Full2018
445,65031, 825 ," 55,450,029 ",852.6707109,445,E 10 St & Avenue A,40.72740794,-73.98142006,Full2018
3714,659, 825 ," 543,317 ",824.4567527,3714,Division Av & Hooper St,40.70684203,-73.9544354,Full2018
385,8530, 825 ," 6,931,215 ",812.5691676,385,E 55 St & 2 Ave,40.75797322,-73.96603308,Full2018
3412,10396, 824 ," 9,099,001 ",875.2405733,3412,Pacific St & Nevins St,40.6853761,-73.98302136,Full2018
173,62204, 824 ," 53,266,031 ",856.3119896,173,Broadway & W 49 St,40.76068327,-73.98452729,Full2018
3466,23869, 824 ," 20,499,926 ",858.851481,3466,W 45 St & 6 Ave (OLD),40.75668721,-73.98257732,Full2018
311,32220, 824 ," 27,199,655 ",844.1854438,311,Norfolk St & Broome St,40.7172274,-73.98802084,Full2018
3408,15130, 823 ," 12,158,624 ",803.6103106,3408,Congress St & Clinton St,40.6881529,-73.99520919,Full2018
3680,27268, 823 ," 22,485,789 ",824.6218645,3680,E 43 St & 5 Ave,40.75412081,-73.98025185,Full2018
3602,7646, 823 ," 6,243,956 ",816.630395,3602,31 Ave & 34 St,40.763154,-73.920827,Full2018
3150,14682, 823 ," 12,350,014 ",841.1670072,3150,E 85 St & York Ave,40.77536905,-73.94803392,Full2018
358,77889, 822 ," 65,600,947 ",842.2363492,358,Christopher St & Greenwich St,40.73291553,-74.00711384,Full2018
3616,5054, 822 ," 4,340,075 ",858.7406015,3616,Steinway St & 28 Ave,40.7656251,-73.9136695,Full2018
536,42634, 822 ," 36,090,017 ",846.507881,536,1 Ave & E 30 St,40.74144387,-73.97536082,Full2018
401,48183, 822 ," 41,212,905 ",855.3411992,401,Allen St & Rivington St,40.72019576,-73.98997825,Full2018
3339,9250, 822 ," 7,804,891 ",843.772,3339,Berkeley Pl & 6 Ave,40.6765304,-73.97846879,Full2018
3447,7131, 821 ," 5,898,391 ",827.1478054,3447,E 71 St & 1 Ave,40.76703432,-73.9562273,Full2018
3399,6116, 821 ," 5,042,353 ",824.4527469,3399,7 St & 3 Ave,40.67260298,-73.98983002,Full2018
251,52113, 821 ," 43,477,056 ",834.2842669,251,Mott St & Prince St,40.72317958,-73.99480012,Full2018
450,55131, 820 ," 45,940,481 ",833.2967115,450,W 49 St & 8 Ave,40.76227205,-73.98788205,Full2018
340,20121, 820 ," 16,931,322 ",841.4751752,340,Madison St & Clinton St,40.71269042,-73.98776323,Full2018
291,16552, 820 ," 14,139,280 ",854.2339294,291,Madison St & Montgomery St,40.713126,-73.984844,Full2018
3311,9812, 820 ," 8,332,248 ",849.1895638,3311,Columbia St & Kane St,40.68763155,-74.0016256,Full2018
3365,14096, 820 ," 11,289,371 ",800.8918133,3365,3 St & 7 Ave,40.6703837,-73.97839676,Full2018
267,39719, 818 ," 33,561,112 ",844.9636698,267,Broadway & W 36 St,40.75097711,-73.98765428,Full2018
388,40293, 818 ," 33,583,266 ",833.4764351,388,W 26 St & 10 Ave,40.74971775,-74.00295035,Full2018
3117,12078, 817 ," 9,956,712 ",824.3676105,3117,Franklin St & Dupont St,40.73564,-73.95866,Full2018
3549,9547, 816 ," 7,436,580 ",778.9441709,3549,Grand Ave & Bergen St,40.678045,-73.962408,Full2018
3525,2353, 816 ," 1,997,088 ",848.7411815,3525,23 Ave & 27 St,40.776165,-73.9153175,Full2018
3443,49552, 814 ," 40,546,100 ",818.2535518,3443,W 52 St & 6 Ave,40.76132983,-73.97982001,Full2018
3113,18930, 814 ," 15,949,122 ",842.5315372,3113,Greenpoint Ave & Manhattan Ave,40.73026,-73.95394,Full2018
3085,9532, 813 ," 8,369,419 ",878.0338859,3085,Roebling St & N 4 St,40.71469,-73.95739,Full2018
3632,35197, 813 ," 29,521,143 ",838.7403188,3632,E 12 St & Avenue B,40.72804857,-73.9788115,Full2018
3455,3596, 813 ," 3,005,174 ",835.6991101,3455,Schermerhorn St & 3 Ave,40.68680821,-73.98036182,Full2018
529,45825, 812 ," 38,494,110 ",840.0242226,529,W 42 St & 8 Ave,40.7575699,-73.99098507,Full2018
490,85293, 812 ," 70,822,529 ",830.343979,490,8 Ave & W 33 St,40.751551,-73.993934,Full2018
3664,40288, 811 ," 34,782,569 ",863.3481185,3664,North Moore St & Greenwich St,40.72019521,-74.01030064,Full2018
3413,9735, 811 ," 7,970,887 ",818.7865434,3413,Wyckoff St & 3 Ave,40.6827549,-73.98258555,Full2018
519,150257, 810 ," 123,817,915 ",824.0409099,519,Pershing Square North,40.751873,-73.977706,Full2018
3388,9829, 807 ," 7,969,578 ",810.8228711,3388,President St & Henry St,40.6828003,-73.99990419,Full2018
3125,10772, 806 ," 9,045,896 ",839.7601188,3125,45 Rd & 11 St,40.74708586,-73.94977234,Full2018
3402,26096, 806 ," 21,477,788 ",823.0298896,3402,Court St & State St,40.6902375,-73.99203074,Full2018
3492,2032, 806 ," 1,623,279 ",798.8577756,3492,E 118 St & Park Ave,40.8005385,-73.9419949,Full2018
394,38740, 806 ," 31,781,876 ",820.3891585,394,E 9 St & Avenue C,40.72521311,-73.97768752,Full2018
3172,18201, 806 ," 14,762,233 ",811.0671392,3172,W 74 St & Columbus Ave,40.7785669,-73.97754961,Full2018
545,53922, 806 ," 44,129,898 ",818.4024702,545,E 23 St & 1 Ave,40.736502,-73.97809472,Full2018
276,21300, 805 ," 17,986,400 ",844.4319249,276,Duane St & Greenwich St,40.71748752,-74.0104554,Full2018
3427,59875, 805 ," 50,032,638 ",835.6181712,3427,Lafayette St & Jersey St,40.72430527,-73.99600983,Full2018
268,41235, 805 ," 33,826,958 ",820.3457742,268,Howard St & Centre St,40.71910537,-73.99973337,Full2018
3329,11495, 804 ," 9,715,499 ",845.1934754,3329,Degraw St & Smith St,40.6829151,-73.99318208,Full2018
3424,5779, 804 ," 4,784,431 ",827.8994636,3424,E 106 St & Lexington Ave,40.791976,-73.945993,Full2018
247,26311, 804 ," 21,862,249 ",830.9166888,247,Perry St & Bleecker St,40.73535398,-74.00483091,Full2018
3410,9830, 803 ," 8,083,573 ",822.3370295,3410,Dean St & Hoyt St,40.6864442,-73.98759104,Full2018
3332,7766, 803 ," 6,421,700 ",826.8993047,3332,Degraw St & Hoyt St,40.68199044,-73.99079025,Full2018
423,32871, 803 ," 27,507,201 ",836.8227617,423,W 54 St & 9 Ave,40.76584941,-73.98690506,Full2018
380,48514, 801 ," 40,150,956 ",827.6158635,380,W 4 St & 7 Ave S,40.73401143,-74.00293877,Full2018
336,52362, 801 ," 43,363,112 ",828.1408655,336,Sullivan St & Washington Sq,40.73047747,-73.99906065,Full2018
3551,3792, 801 ," 3,311,668 ",873.3301688,3551,3 Ave & E 112 St,40.795508,-73.941606,Full2018
146,28998, 801 ," 23,802,640 ",820.8372991,146,Hudson St & Reade St,40.71625008,-74.0091059,Full2018
3612,2480, 800 ," 2,028,601 ",817.9842742,3612,30 Ave & 21 St,40.7703743,-73.9286078,Full2018
3614,5334, 800 ," 4,650,385 ",871.8382077,3614,Crescent St & 30 Ave,40.768692,-73.9249574,Full2018
3116,15884, 799 ," 13,092,766 ",824.2738605,3116,Huron St & Franklin St,40.73266,-73.95826,Full2018
407,11045, 798 ," 9,179,580 ",831.1072884,407,Henry St & Poplar St,40.700469,-73.991454,Full2018
314,20785, 797 ," 16,749,808 ",805.8603801,314,Cadman Plaza West & Montague St,40.69383,-73.990539,Full2018
468,51631, 797 ," 42,222,316 ",817.7706417,468,Broadway & W 56 St,40.7652654,-73.98192338,Full2018
492,75941, 796 ," 62,238,216 ",819.5601322,492,W 33 St & 7 Ave,40.75019995,-73.99093085,Full2018
3683,91, 795 ," 87,100 ",957.1428571,3683,Smart Cities Conference,40.71015471,-73.98453534,Full2018
127,60672, 795 ," 49,517,953 ",816.1582443,127,Barrow St & Hudson St,40.73172428,-74.00674436,Full2018
3258,52825, 795 ," 42,899,732 ",812.1104023,3258,W 27 St & 10 Ave,40.75018156,-74.00218427,Full2018
3691,2352, 793 ," 1,825,966 ",776.3460884,3691,28 Ave & 44 St,40.76408932,-73.91065121,Full2018
3297,7758, 793 ," 6,294,625 ",811.372132,3297,6 St & 7 Ave,40.6686627,-73.97988067,Full2018
330,25424, 792 ," 20,739,424 ",815.7419761,330,Reade St & Broadway,40.71450451,-74.00562789,Full2018
3523,3771, 792 ," 3,179,682 ",843.1933174,3523,24 Ave & 29 St,40.7729,-73.916142,Full2018
3669,2000, 792 ," 1,611,842 ",805.921,3669,Henry St & W 9 St (OLD),40.67630358,-74.00314048,Full2018
359,74470, 790 ," 59,864,339 ",803.8718813,359,E 47 St & Park Ave,40.75510267,-73.97498696,Full2018
462,62110, 790 ," 50,695,857 ",816.2269683,462,W 22 St & 10 Ave,40.74691959,-74.00451887,Full2018
3335,12595, 789 ," 9,516,677 ",755.5916634,3335,Union St & 4 Ave,40.6772744,-73.98282002,Full2018
3684,26428, 788 ," 20,895,697 ",790.6650901,3684,W 12 St & W 4 St,40.73756121,-74.00398269,Full2018
3233,54352, 787 ," 43,582,039 ",801.8479357,3233,E 48 St & 5 Ave,40.75724568,-73.97805914,Full2018
484,31216, 787 ," 24,720,367 ",791.9133457,484,W 44 St & 5 Ave,40.75500254,-73.98014437,Full2018
438,50044, 785 ," 40,435,919 ",808.0073335,438,St Marks Pl & 1 Ave,40.72779126,-73.98564945,Full2018
301,40360, 785 ," 32,204,479 ",797.9305996,301,E 2 St & Avenue B,40.72217444,-73.98368779,Full2018
3238,716, 784 ," 593,733 ",829.2360335,3238,E 80 St & 2 Ave,40.7739139,-73.95439535,Full2018
469,39394, 782 ," 32,603,771 ",827.6329136,469,Broadway & W 53 St,40.76344058,-73.98268129,Full2018
3170,28002, 780 ," 22,372,228 ",798.9510749,3170,W 84 St & Columbus Ave,40.78499979,-73.97283406,Full2018
3175,25595, 780 ," 20,216,282 ",789.8527837,3175,W 70 St & Amsterdam Ave,40.77748046,-73.98288594,Full2018
346,36671, 780 ," 29,232,725 ",797.1619263,346,Bank St & Hudson St,40.73652889,-74.00618026,Full2018
3420,13860, 780 ," 11,098,331 ",800.7453824,3420,Douglass St & 3 Ave,40.6802133,-73.98432695,Full2018
3049,7728, 778 ," 6,131,949 ",793.4716615,3049,Cambridge Pl & Gates Ave,40.68488,-73.96304,Full2018
3641,74585, 778 ," 59,539,033 ",798.2708722,3641,Broadway & W 25 St,40.74286877,-73.98918629,Full2018
3224,15083, 778 ," 11,946,081 ",792.0228734,3224,W 13 St & Hudson St,40.73997354,-74.00513873,Full2018
500,35940, 777 ," 28,256,915 ",786.22468,500,Broadway & W 51 St,40.76228826,-73.98336183,Full2018
252,34851, 776 ," 28,264,657 ",811.014232,252,MacDougal St & Washington Sq,40.73226398,-73.99852205,Full2018
498,57091, 776 ," 45,463,193 ",796.3285457,498,Broadway & W 32 St,40.74854862,-73.98808416,Full2018
505,75292, 776 ," 59,980,384 ",796.6368804,505,6 Ave & W 33 St,40.74901271,-73.98848395,Full2018
3090,29143, 776 ," 23,971,381 ",822.5433552,3090,N 8 St & Driggs Ave,40.71774592,-73.95600096,Full2018
3635,24247, 775 ," 19,768,447 ",815.2945519,3635,W 36 St & 9 Ave,40.75462324,-73.99516761,Full2018
3368,15509, 775 ," 12,153,756 ",783.6582629,3368,5 Ave & 3 St,40.6728155,-73.98352355,Full2018
2009,23112, 774 ," 17,982,623 ",778.0643389,2009,Catherine St & Monroe St,40.71117444,-73.99682619,Full2018
526,41679, 774 ," 33,241,701 ",797.5647448,526,E 33 St & 5 Ave,40.74765947,-73.98490707,Full2018
3100,13341, 773 ," 10,516,949 ",788.3178922,3100,Nassau Ave & Newell St,40.72481256,-73.94752622,Full2018
3712,3322, 773 ," 2,566,774 ",772.6592414,3712,W 35 St & Dyer Ave,40.75469175,-73.99740189,Full2018
3431,30188, 773 ," 23,633,604 ",782.8807473,3431,E 35 St & 3 Ave,40.746524,-73.977885,Full2018
357,24521, 773 ," 18,723,052 ",763.5517312,357,E 11 St & Broadway,40.73261787,-73.99158043,Full2018
3167,52937, 772 ," 41,475,942 ",783.4962692,3167,Amsterdam Ave & W 73 St,40.77966809,-73.98093045,Full2018
485,33035, 772 ," 25,957,851 ",785.768155,485,W 37 St & 5 Ave,40.75038009,-73.98338988,Full2018
3106,14086, 771 ," 10,842,965 ",769.7689195,3106,Driggs Ave & N Henry St,40.72325,-73.94308,Full2018
3646,2584, 771 ," 2,026,682 ",784.3196594,3646,35 Ave & 10 St,40.76315482,-73.9398551,Full2018
3656,39032, 770 ," 30,783,414 ",788.6711929,3656,E 2 St & Avenue A,40.72307749,-73.98583621,Full2018
3303,9120, 770 ," 7,280,588 ",798.3100877,3303,Butler St & Court St,40.6849894,-73.99440329,Full2018
487,53444, 769 ," 41,819,198 ",782.4863034,487,E 20 St & FDR Drive,40.73314259,-73.97573881,Full2018
517,54085, 769 ," 41,847,310 ",773.7322733,517,Pershing Square South,40.751581,-73.97791,Full2018
307,51302, 769 ," 40,293,601 ",785.4196912,307,Canal St & Rutgers St,40.71427487,-73.98990025,Full2018
3159,42332, 769 ," 33,389,819 ",788.7607247,3159,W 67 St & Broadway,40.77492513,-73.98266566,Full2018
3340,2585, 769 ," 2,098,719 ",811.883559,3340,Wolcott St & Dwight St,40.6753274,-74.0100698,Full2018
3395,225, 768 ," 166,923 ",741.88,3395,Henry St & W 9 St [old],40.6763744,-74.00324957,Full2018
3411,13166, 768 ," 10,478,372 ",795.8660185,3411,Bond St & Bergen St,40.6849668,-73.98620772,Full2018
406,21887, 767 ," 17,205,449 ",786.1035775,406,Hicks St & Montague St,40.69512845,-73.99595065,Full2018
324,22129, 766 ," 17,829,279 ",805.6974558,324,DeKalb Ave & Hudson Ave,40.689888,-73.981013,Full2018
3558,13294, 766 ," 10,747,250 ",808.4286144,3558,Bergen St & Vanderbilt Ave,40.6794388,-73.9680438,Full2018
3094,8573, 765 ," 6,732,302 ",785.2912633,3094,Graham Ave & Withers St,40.7169811,-73.94485918,Full2018
3662,5557, 764 ," 4,368,332 ",786.0953752,3662,31 Ave & Steinway St,40.7612939,-73.91691685,Full2018
531,49547, 764 ," 38,876,726 ",784.6433891,531,Forsyth St & Broome St,40.71893904,-73.99266288,Full2018
3101,16556, 763 ," 13,328,611 ",805.0622735,3101,N 12 St & Bedford Ave,40.72079821,-73.95484712,Full2018
150,27892, 763 ," 21,785,729 ",781.0744658,150,E 2 St & Avenue C,40.7208736,-73.98085795,Full2018
3524,5186, 763 ," 3,988,481 ",769.0861936,3524,19 St & 24 Ave,40.7774552,-73.9225403,Full2018
3695,9385, 762 ," 7,205,422 ",767.7594033,3695,E 5 St & 2 Ave,40.72686952,-73.98919031,Full2018
3704,224, 761 ," 184,934 ",825.5982143,3704,47 Ave & Skillman Ave,40.74375241,-73.94176483,Full2018
3516,9716, 760 ," 8,176,077 ",841.5064841,3516,31 St & Astoria Blvd,40.7699176,-73.9184057,Full2018
161,34869, 760 ," 26,927,922 ",772.2596576,161,LaGuardia Pl & W 3 St,40.72917025,-73.99810231,Full2018
3154,3511, 760 ," 2,671,479 ",760.8883509,3154,E 77 St & 3 Ave,40.77314236,-73.95856158,Full2018
3572,10069, 758 ," 7,621,254 ",756.9027709,3572,34 Ave & 38 St,40.756913,-73.921631,Full2018
3396,10404, 758 ," 7,994,262 ",768.3835063,3396,Clinton St & 4 Place,40.6783563,-74.00014502,Full2018
393,21489, 758 ," 16,705,093 ",777.3787985,393,E 5 St & Avenue C,40.72299208,-73.97995466,Full2018
433,43032, 757 ," 33,781,135 ",785.0235871,433,old - E 13 St & Avenue A,40.72955361,-73.98057249,Full2018
402,105605, 757 ," 82,126,507 ",777.6763127,402,Broadway & E 22 St,40.7403432,-73.98955109,Full2018
486,59475, 756 ," 45,751,173 ",769.2504918,486,Broadway & W 29 St,40.7462009,-73.98855723,Full2018
497,108883, 756 ," 85,215,126 ",782.6302178,497,E 17 St & Broadway,40.73704984,-73.99009296,Full2018
2012,35615, 755 ," 27,329,235 ",767.3518181,2012,E 27 St & 1 Ave,40.739445,-73.976806,Full2018
3318,23841, 754 ," 18,244,649 ",765.2635795,3318,2 Ave & E 96 St,40.7839636,-73.9471673,Full2018
3358,10164, 752 ," 7,851,168 ",772.4486423,3358,Garfield Pl & 8 Ave,40.6711978,-73.97484126,Full2018
3131,13717, 752 ," 10,836,096 ",789.9756507,3131,E 68 St & 3 Ave,40.7671284,-73.96224618,Full2018
3409,35358, 751 ," 26,796,398 ",757.8595509,3409,Bergen St & Smith St,40.6867443,-73.99063168,Full2018
442,58187, 749 ," 44,290,744 ",761.17937,442,W 27 St & 7 Ave,40.746647,-73.993915,Full2018
3259,26169, 749 ," 19,851,776 ",758.598953,3259,9 Ave & W 28 St,40.74937024,-73.99923384,Full2018
236,51762, 748 ," 39,288,995 ",759.0316255,236,St Marks Pl & 2 Ave,40.7284186,-73.98713956,Full2018
3371,6013, 746 ," 4,480,630 ",745.1571595,3371,4 Ave & 2 St,40.67461342,-73.98501143,Full2018
167,43293, 746 ," 33,066,571 ",763.7856235,167,E 39 St & 3 Ave,40.7489006,-73.97604882,Full2018
3327,3723, 746 ," 2,758,880 ",741.0367983,3327,3 Ave & E 100 St,40.7877214,-73.94728331,Full2018
350,33387, 745 ," 25,101,644 ",751.8388594,350,Clinton St & Grand St,40.71559509,-73.9870295,Full2018
3415,10675, 745 ," 8,017,516 ",751.055363,3415,Prospect Pl & 6 Ave,40.6793307,-73.97519523,Full2018
3663,13425, 744 ," 10,550,293 ",785.8691248,3663,Sterling Pl & 7 Ave,40.67716489,-73.97382796,Full2018
507,53237, 743 ," 40,233,639 ",755.7457971,507,E 25 St & 2 Ave,40.73912601,-73.97973776,Full2018
3364,12543, 743 ," 9,585,692 ",764.2264211,3364,Carroll St & 5 Ave,40.6751622,-73.9814832,Full2018
528,47462, 743 ," 36,168,321 ",762.0479752,528,2 Ave & E 31 St,40.74290902,-73.97706058,Full2018
3502,6960, 742 ," 5,683,107 ",816.5383621,3502,Lexington Ave & E 111 St,40.7954121,-73.9441232,Full2018
3576,14419, 742 ," 10,938,580 ",758.6226507,3576,Park Pl & Vanderbilt Ave,40.6767,-73.969024,Full2018
3574,8256, 742 ," 6,177,743 ",748.2731347,3574,Prospect Pl & Underhill Ave,40.6769694,-73.96579,Full2018
3115,14955, 740 ," 11,549,949 ",772.3135406,3115,India St & Manhattan Ave,40.73232194,-73.9550858,Full2018
3304,11678, 739 ," 8,846,459 ",757.532026,3304,6 Ave & 9 St,40.668127,-73.98377641,Full2018
3108,16660, 738 ," 12,663,760 ",760.1296519,3108,Nassau Ave & Russell St,40.72557,-73.94434,Full2018
317,38310, 738 ," 28,864,287 ",753.4400157,317,E 6 St & Avenue B,40.72453734,-73.98185424,Full2018
3102,10532, 738 ," 7,877,164 ",747.9266996,3102,Driggs Ave & Lorimer St,40.72179134,-73.9504154,Full2018
326,46797, 738 ," 34,957,900 ",747.0115606,326,E 11 St & 1 Ave,40.72953837,-73.98426726,Full2018
3124,15937, 737 ," 12,217,542 ",766.6149213,3124,46 Ave & 5 St,40.74731,-73.95451,Full2018
3338,6742, 736 ," 5,132,833 ",761.3220113,3338,2 Ave & E 99 St,40.7862586,-73.94552579,Full2018
174,37243, 734 ," 27,589,985 ",740.8099509,174,E 25 St & 1 Ave,40.7381765,-73.97738662,Full2018
502,32475, 734 ," 24,324,610 ",749.0257121,502,Henry St & Grand St,40.714215,-73.981346,Full2018
476,44024, 734 ," 32,726,113 ",743.369821,476,E 31 St & 3 Ave,40.74394314,-73.97966069,Full2018
280,26435, 734 ," 20,187,599 ",763.6693399,280,E 10 St & 5 Ave,40.73331967,-73.99510132,Full2018
285,93370, 734 ," 70,869,119 ",759.0138053,285,Broadway & E 14 St,40.73454567,-73.99074142,Full2018
527,21903, 731 ," 16,143,544 ",737.0471625,527,E 33 St & 2 Ave,40.744023,-73.976056,Full2018
509,60233, 730 ," 46,178,563 ",766.665499,509,9 Ave & W 22 St,40.7454973,-74.00197139,Full2018
461,49801, 730 ," 37,026,439 ",743.4878617,461,E 20 St & 2 Ave,40.73587678,-73.98205027,Full2018
3381,6291, 729 ," 4,884,018 ",776.3500238,3381,3 St & Hoyt St,40.6777287,-73.99364123,Full2018
474,39492, 728 ," 28,998,513 ",734.2882862,474,5 Ave & E 29 St,40.7451677,-73.98683077,Full2018
369,31188, 725 ," 23,213,019 ",744.2932859,369,Washington Pl & 6 Ave,40.73224119,-74.00026394,Full2018
3586,1645, 724 ," 1,162,267 ",706.5452888,3586,34 Ave & 13 St,40.7638753,-73.9364848,Full2018
3719,222, 724 ," 160,705 ",723.8963964,3719,S Portland Ave & Atlantic Ave,40.68322254,-73.97381186,Full2018
540,47302, 724 ," 34,822,198 ",736.1675616,540,Lexington Ave & E 29 St,40.74311555,-73.98215353,Full2018
3389,10048, 723 ," 7,403,801 ",736.8432524,3389,Carroll St & Columbia St,40.6830456,-74.00348559,Full2018
3515,4274, 722 ," 3,134,150 ",733.3060365,3515,24 Ave & 26 St,40.774591,-73.918544,Full2018
3592,7835, 721 ," 5,895,555 ",752.4639438,3592,Crescent St & Broadway,40.7633589,-73.9286471,Full2018
3260,55756, 717 ," 40,649,064 ",729.0527298,3260,Mercer St & Bleecker St,40.72706363,-73.99662137,Full2018
399,16523, 717 ," 12,249,369 ",741.3525994,399,Lafayette Ave & St James Pl,40.68851534,-73.9647628,Full2018
3560,4538, 713 ," 3,447,659 ",759.7309387,3560,28 St & 38 Ave,40.754876,-73.934326,Full2018
465,67225, 713 ," 48,676,680 ",724.0859799,465,Broadway & W 41 St,40.75513557,-73.98658032,Full2018
152,3387, 712 ," 2,354,738 ",695.2282256,152,Warren St & Church St,40.71473993,-74.00910627,Full2018
3403,9259, 712 ," 6,764,258 ",730.5603197,3403,4 Ave & 9 St,40.6705135,-73.98876585,Full2018
262,12574, 712 ," 9,717,632 ",772.8353746,262,Washington Park,40.6917823,-73.9737299,Full2018
494,57003, 711 ," 41,919,787 ",735.3961546,494,W 26 St & 8 Ave,40.74734825,-73.99723551,Full2018
237,54322, 709 ," 38,963,337 ",717.2662457,237,E 11 St & 2 Ave,40.73047309,-73.98672378,Full2018
3425,10401, 709 ," 7,538,531 ",724.7890587,3425,2 Ave & E 104 St,40.7892105,-73.94370784,Full2018
3244,44382, 709 ," 31,283,488 ",704.8688207,3244,University Pl & E 8 St,40.73143724,-73.99490342,Full2018
3568,5578, 708 ," 4,074,464 ",730.4524919,3568,34 St & 35 Ave,40.7569332,-73.9262231,Full2018
239,27227, 708 ," 20,538,514 ",754.3436295,239,Willoughby St & Fleet St,40.69196566,-73.9813018,Full2018
3463,37546, 707 ," 27,073,288 ",721.0698343,3463,E 16 St & Irving Pl,40.73536706,-73.98797393,Full2018
3522,3582, 706 ," 2,676,351 ",747.1666667,3522,37 St & 24 Ave,40.7701477,-73.9120938,Full2018
284,13735, 706 ," 10,151,986 ",739.132581,284,Greenwich Ave & 8 Ave,40.73901691,-74.00263761,Full2018
3607,3386, 705 ," 2,439,260 ",720.3957472,3607,31 Ave & 14 St,40.7682,-73.9322662,Full2018
503,43206, 704 ," 30,872,647 ",714.5453641,503,E 20 St & Park Ave,40.73827428,-73.98751968,Full2018
382,75690, 704 ," 54,262,340 ",716.9023649,382,University Pl & E 14 St,40.73492695,-73.99200509,Full2018
546,40194, 702 ," 28,744,920 ",715.1545007,546,E 30 St & Park Ave S,40.74444921,-73.98303529,Full2018
496,57177, 701 ," 40,687,343 ",711.6033195,496,E 16 St & 5 Ave,40.73726186,-73.99238967,Full2018
3086,22448, 700 ," 16,801,124 ",748.4463649,3086,Graham Ave & Conselyea St,40.715143,-73.944507,Full2018
335,40011, 699 ," 28,697,002 ",717.2278124,335,Washington Pl & Broadway,40.72903917,-73.99404649,Full2018
439,33216, 698 ," 24,432,792 ",735.5729769,439,E 4 St & 2 Ave,40.7262807,-73.98978041,Full2018
325,36587, 698 ," 26,025,119 ",711.3214803,325,E 19 St & 3 Ave,40.73624527,-73.98473765,Full2018
466,55866, 697 ," 39,801,794 ",712.4511152,466,W 25 St & 6 Ave,40.74395411,-73.99144871,Full2018
297,53441, 696 ," 38,607,508 ",722.4323647,297,E 15 St & 3 Ave,40.734232,-73.986923,Full2018
446,64055, 696 ," 46,052,229 ",718.948232,446,W 24 St & 7 Ave,40.74487634,-73.99529885,Full2018
168,71259, 695 ," 50,463,325 ",708.1677402,168,W 18 St & 6 Ave,40.73971301,-73.99456405,Full2018
3379,9274, 695 ," 6,620,202 ",713.8453742,3379,E 103 St & Lexington Ave,40.7903051,-73.94755757,Full2018
3718,2014, 694 ," 1,398,285 ",694.2825223,3718,E 11 St & Avenue B,40.72746421,-73.97950418,Full2018
3315,16746, 693 ," 11,339,032 ",677.1188343,3315,Henry St & Degraw St,40.6847514,-73.99917254,Full2018
3308,12561, 692 ," 8,843,755 ",704.0645649,3308,Kane St & Clinton St,40.6861758,-73.99645295,Full2018
491,65727, 692 ," 46,691,938 ",710.3920459,491,E 24 St & Park Ave S,40.74096374,-73.98602213,Full2018
3361,12516, 692 ," 8,856,248 ",707.5941195,3361,Carroll St & 6 Ave,40.6740886,-73.9787282,Full2018
483,57088, 692 ," 40,462,456 ",708.7734025,483,E 12 St & 3 Ave,40.73223272,-73.98889957,Full2018
258,18624, 692 ," 13,303,671 ",714.3294137,258,DeKalb Ave & Vanderbilt Ave,40.68940747,-73.96885458,Full2018
345,33611, 690 ," 24,363,216 ",724.8584094,345,W 13 St & 6 Ave,40.73649403,-73.99704374,Full2018
453,60966, 690 ," 43,591,381 ",715.0113342,453,W 22 St & 8 Ave,40.74475148,-73.99915362,Full2018
254,33946, 688 ," 23,624,622 ",695.9471514,254,W 11 St & 6 Ave,40.73532427,-73.99800419,Full2018
3235,41698, 687 ," 29,769,965 ",713.9422754,3235,E 41 St & Madison Ave,40.75216528,-73.97992194,Full2018
3110,20385, 686 ," 13,933,932 ",683.5384842,3110,Meserole Ave & Manhattan Ave,40.72708584,-73.95299117,Full2018
3563,4128, 685 ," 2,928,129 ",709.3335756,3563,28 St & 36 Ave,40.757186,-73.932719,Full2018
432,63374, 685 ," 43,846,443 ",691.8680058,432,E 7 St & Avenue A,40.72621788,-73.98379855,Full2018
482,61527, 685 ," 43,905,455 ",713.5965511,482,W 15 St & 7 Ave,40.73935542,-73.99931783,Full2018
3566,3291, 683 ," 2,324,745 ",706.3947129,3566,Crescent St & 35 Ave,40.7596276,-73.9321455,Full2018
3373,13420, 683 ," 9,319,621 ",694.4576006,3373,3 St & 3 Ave,40.6750705,-73.98775226,Full2018
3109,15388, 683 ," 11,038,615 ",717.3521575,3109,Banker St & Meserole Ave,40.72606,-73.95621,Full2018
421,7586, 683 ," 5,168,902 ",681.3738466,421,Clermont Ave & Park Ave,40.69573398,-73.97129668,Full2018
157,19847, 681 ," 13,970,879 ",703.9290069,157,Henry St & Atlantic Ave,40.69089272,-73.99612349,Full2018
334,45306, 681 ," 31,326,566 ",691.4440913,334,W 20 St & 7 Ave,40.74238787,-73.99726235,Full2018
3660,63116, 680 ," 43,463,646 ",688.631187,3660,W 16 St & 8 Ave,40.74102151,-74.00138497,Full2018
3617,5187, 679 ," 3,796,341 ",731.8953152,3617,28 Ave & 35 St,40.7671,-73.9169858,Full2018
435,107165, 679 ," 73,996,246 ",690.4889283,435,W 21 St & 6 Ave,40.74173969,-73.99415556,Full2018
391,29495, 678 ," 20,577,808 ",697.6710629,391,Clark St & Henry St,40.69760127,-73.99344559,Full2018
3575,4294, 678 ," 2,975,211 ",692.8763391,3575,Crescent St & 34 Ave,40.76108,-73.930562,Full2018
2003,48250, 677 ," 33,240,118 ",688.9143627,2003,1 Ave & E 18 St,40.73381219,-73.98054421,Full2018
3643,5807, 676 ," 3,943,765 ",679.1398312,3643,E 41 St & 5 Ave,40.75272201,-73.98123622,Full2018
3605,5759, 674 ," 4,017,840 ",697.6627887,3605,31 Ave & Crescent St,40.7658346,-73.9265474,Full2018
3382,19275, 674 ," 13,078,834 ",678.5387289,3382,Carroll St & Smith St,40.680611,-73.99475825,Full2018
472,60023, 674 ," 41,226,693 ",686.8482582,472,E 32 St & Park Ave,40.7457121,-73.98194829,Full2018
143,23137, 673 ," 15,863,507 ",685.6337036,143,Clinton St & Joralemon St,40.69239502,-73.99337909,Full2018
82,10217, 673 ," 7,085,401 ",693.491338,82,St James Pl & Pearl St,40.71117416,-74.00016545,Full2018
244,16278, 673 ," 11,141,637 ",684.4598231,244,Willoughby Ave & Hall St,40.69196035,-73.96536851,Full2018
3306,9947, 672 ," 6,860,233 ",689.6785966,3306,10 St & 7 Ave,40.6662078,-73.98199886,Full2018
3711,12656, 671 ," 8,551,868 ",675.7164981,3711,E 13 St & Avenue A,40.72966729,-73.98067966,Full2018
3405,6699, 671 ," 4,580,193 ",683.7129422,3405,5 St & 6 Ave,40.6704836,-73.98208968,Full2018
3501,4486, 670 ," 3,147,271 ",701.5762372,3501,E 118 St & Madison Ave,40.8014866,-73.9442507,Full2018
3595,5326, 670 ," 3,710,181 ",696.6167856,3595,35 St & Broadway,40.760339,-73.9222427,Full2018
293,83025, 670 ," 56,607,258 ",681.8097922,293,Lafayette St & E 8 St,40.73020661,-73.99102628,Full2018
3526,13041, 669 ," 9,091,906 ",697.1785906,3526,31 St & 23 Ave,40.7747878,-73.9125551,Full2018
223,39672, 669 ," 27,911,035 ",703.5449435,223,W 13 St & 7 Ave,40.73781509,-73.99994661,Full2018
3530,4276, 667 ," 3,059,167 ",715.4272685,3530,Crescent St & Ditmars Blvd,40.7787185,-73.9145645,Full2018
3593,11483, 666 ," 7,812,024 ",680.3121136,3593,31 St & Broadway,40.761584,-73.925921,Full2018
3263,72874, 664 ," 49,603,236 ",680.6712408,3263,Cooper Square & Astor Pl,40.72951496,-73.9907527,Full2018
253,21394, 662 ," 15,197,999 ",710.3860428,253,W 13 St & 5 Ave -moved to 5947.04,40.73543934,-73.99453948,Full2018
3666,8168, 662 ," 5,404,097 ",661.618144,3666,32 St & 30 Ave,40.76642553,-73.92062902,Full2018
229,75729, 660 ," 50,458,494 ",666.3034505,229,Great Jones St,40.72743423,-73.99379025,Full2018
3351,17156, 656 ," 11,918,465 ",694.7111798,3351,E 102 St & 1 Ave,40.7869946,-73.94164802,Full2018
3709,7149, 655 ," 4,688,895 ",655.8812421,3709,W 15 St & 6 Ave,40.73804614,-73.99642959,Full2018
504,67496, 654 ," 44,879,096 ",664.9148987,504,1 Ave & E 16 St,40.73221853,-73.98165557,Full2018
3594,5, 651 ," 3,254 ",650.8,3594,Montgomery St & Franklin Ave OLD,40.6661649,-73.9593484,Full2018
3386,9041, 650 ," 6,107,832 ",675.5704015,3386,1 Pl & Clinton St,40.6809591,-73.99905709,Full2018
3384,10921, 650 ," 7,455,743 ",682.6978299,3384,Smith St & 3 St,40.6787242,-73.99599099,Full2018
3573,3662, 644 ," 2,504,457 ",683.9041507,3573,35 St & 34 Ave,40.7580583,-73.9242751,Full2018
3321,10870, 639 ," 7,110,185 ",654.1108556,3321,Clinton St & Union St,40.6831164,-73.99785267,Full2018
419,8045, 637 ," 5,235,502 ",650.7771287,419,Carlton Ave & Park Ave,40.69580705,-73.97355569,Full2018
3619,4916, 636 ," 3,271,664 ",665.5134255,3619,Newtown Ave & 23 St,40.7713615,-73.9246145,Full2018
3567,1268, 634 ," 810,745 ",639.3888013,3567,11 St & 35 Ave,40.7627442,-73.9391141,Full2018
3119,23784, 628 ," 15,381,357 ",646.7102674,3119,Vernon Blvd & 50 Ave,40.74232744,-73.95411749,Full2018
3653,5334, 627 ," 3,392,610 ",636.0348706,3653,31 St & 35 Ave,40.75820465,-73.9283216,Full2018
449,2701, 620 ," 1,688,928 ",625.2972973,449,W 52 St & 9 Ave,40.76461837,-73.98789473,Full2018
3668,12543, 619 ," 7,827,449 ",624.0491908,3668,Leonard St & Nassau Ave,40.72395678,-73.94984365,Full2018
3517,5941, 615 ," 3,665,890 ",617.0493183,3517,31 St & Hoyt Ave N,40.7711528,-73.9170074,Full2018
3449,5958, 598 ," 3,663,363 ",614.8645519,3449,Eckford St & Engert Ave,40.72146256,-73.94800901,Full2018
3672,3, 592 ," 1,777 ",592.3333333,3672,Apache,40.66976709,-73.99474382,Full2018
3095,6379, 589 ," 3,850,105 ",603.5593353,3095,Graham Ave & Herbert St,40.71929301,-73.94500379,Full2018
3452,8950, 588 ," 5,442,308 ",608.0791061,3452,Bayard St & Leonard St,40.71915572,-73.94885391,Full2018
3239,170, 562 ," 94,998 ",558.8117647,3239,Bressler,40.64653837,-74.01658773,Full2018
3721,238, 552 ," 131,342 ",551.8571429,3721,31 St & Newtown Ave,40.76754878,-73.92093346,Full2018
3715,2707, 526 ," 1,428,866 ",527.8411526,3715,Driggs Ave & N 9 St,40.71816969,-73.95520136,Full2018
3720,62, 476 ," 29,540 ",476.4516129,3720,Wyckoff St & Bond St,40.68461654,-73.98721285,Full2018
3488,3, 191 , 572 ,190.6666667,3488,8D QC Station 01,45.50636405,-73.56946349,Full2018
3487,12, 139 ," 2,228 ",185.6666667,3487,Prototype Lab Motivate Headquarters,40.65659567,-74.00849283,Full2018
